Date,Advances,Declines,AD_Ratio
2011-01-03,1087,347,3.13
2011-01-04,650,790,0.82
2011-01-05,319,1113,0.29
2011-01-06,355,1069,0.33
2011-01-07,128,1317,0.1
2011-01-10,173,1273,0.14
2011-01-11,458,964,0.48
2011-01-12,1032,395,2.61
2011-01-13,459,981,0.47
2011-01-14,314,1121,0.28
2011-01-17,322,1117,0.29
2011-01-18,771,647,1.19
2011-01-19,679,722,0.94
2011-01-20,751,671,1.12
2011-01-21,721,671,1.07
2011-01-24,826,570,1.45
2011-01-25,495,928,0.53
2011-01-27,359,1062,0.34
2011-01-28,147,1311,0.11
2011-01-31,477,948,0.5
2011-02-01,376,1050,0.36
2011-02-02,730,685,1.07
2011-02-03,985,443,2.22
2011-02-04,327,1098,0.3
2011-02-07,474,954,0.5
2011-02-08,174,1268,0.14
2011-02-09,140,1320,0.11
2011-02-10,511,927,0.55
2011-02-11,1192,242,4.93
2011-02-14,1337,123,10.87
2011-02-15,774,652,1.19
2011-02-16,865,557,1.55
2011-02-17,921,516,1.78
2011-02-18,271,1177,0.23
2011-02-21,626,799,0.78
2011-02-22,462,966,0.48
2011-02-23,505,903,0.56
2011-02-24,159,1284,0.12
2011-02-25,587,834,0.7
2011-02-28,804,607,1.32
2011-03-01,1205,228,5.29
2011-03-03,653,764,0.85
2011-03-04,666,769,0.87
2011-03-07,322,1119,0.29
2011-03-08,947,469,2.02
2011-03-09,862,550,1.57
2011-03-10,566,837,0.68
2011-03-11,363,1073,0.34
2011-03-14,794,634,1.25
2011-03-15,248,1196,0.21
2011-03-16,1013,425,2.38
2011-03-17,504,917,0.55
2011-03-18,445,994,0.45
2011-03-21,529,897,0.59
2011-03-22,868,559,1.55
2011-03-23,856,569,1.5
2011-03-24,858,564,1.52
2011-03-25,976,470,2.08
2011-03-28,681,763,0.89
2011-03-29,554,892,0.62
2011-03-30,1149,298,3.86
2011-03-31,662,775,0.85
2011-04-01,1163,294,3.96
2011-04-04,1272,194,6.56
2011-04-05,1004,454,2.21
2011-04-06,887,565,1.57
2011-04-07,984,484,2.03
2011-04-08,353,1108,0.32
2011-04-11,460,996,0.46
2011-04-13,1084,372,2.91
2011-04-15,534,912,0.59
2011-04-18,389,1059,0.37
2011-04-19,665,775,0.86
2011-04-20,1064,375,2.84
2011-04-21,649,789,0.82
2011-04-25,615,824,0.75
2011-04-26,604,822,0.73
2011-04-27,578,864,0.67
2011-04-28,449,995,0.45
2011-04-29,364,1085,0.34
2011-05-02,439,1004,0.44
2011-05-03,205,1248,0.16
2011-05-04,459,976,0.47
2011-05-05,343,1091,0.31
2011-05-06,910,516,1.76
2011-05-09,601,837,0.72
2011-05-10,660,760,0.87
2011-05-11,829,568,1.46
2011-05-12,406,1028,0.39
2011-05-13,884,531,1.66
2011-05-16,422,1019,0.41
2011-05-17,441,989,0.45
2011-05-18,424,1014,0.42
2011-05-19,479,937,0.51
2011-05-20,848,576,1.47
2011-05-23,267,1176,0.23
2011-05-24,655,775,0.85
2011-05-25,499,930,0.54
2011-05-26,763,639,1.19
2011-05-27,988,446,2.22
2011-05-30,869,557,1.56
2011-05-31,1030,410,2.51
2011-06-01,936,488,1.92
2011-06-02,451,976,0.46
2011-06-03,595,839,0.71
2011-06-06,578,8436,0.07
2011-06-07,835,586,1.42
2011-06-08,641,772,0.83
2011-06-09,620,806,0.77
2011-06-10,502,914,0.55
2011-06-13,671,744,0.9
2011-06-14,802,615,1.3
2011-06-15,481,953,0.5
2011-06-16,422,998,0.42
2011-06-17,377,1084,0.35
2011-06-20,149,1331,0.11
2011-06-21,582,852,0.68
2011-06-22,428,1016,0.42
2011-06-23,572,863,0.66
2011-06-24,1182,288,4.1
2011-06-27,897,532,1.69
2011-06-28,777,655,1.19
2011-06-29,959,482,1.99
2011-06-30,788,655,1.2
2011-07-01,870,563,1.55
2011-07-04,972,473,2.05
2011-07-05,717,732,0.98
2011-07-06,725,716,1.01
2011-07-07,1010,424,2.38
2011-07-08,457,982,0.47
2011-07-11,543,875,0.62
2011-07-12,373,1083,0.34
2011-07-13,1050,385,2.73
2011-07-14,854,587,1.45
2011-07-15,622,816,0.76
2011-07-18,766,682,1.12
2011-07-19,900,545,1.65
2011-07-20,485,979,0.5
2011-07-21,503,942,0.53
2011-07-22,930,518,1.8
2011-07-25,849,608,1.4
2011-07-26,376,1084,0.35
2011-07-27,596,852,0.7
2011-07-28,373,1089,0.34
2011-07-29,498,941,0.53
2011-08-01,582,891,0.65
2011-08-02,323,1144,0.28
2011-08-03,519,933,0.56
2011-08-04,478,979,0.49
2011-08-05,177,1323,0.13
2011-08-08,261,1235,0.21
2011-08-09,344,1134,0.3
2011-08-10,1238,248,4.99
2011-08-11,645,813,0.79
2011-08-12,577,870,0.66
2011-08-16,327,1143,0.29
2011-08-17,388,1074,0.36
2011-08-18,233,1238,0.19
2011-08-19,353,1127,0.31
2011-08-22,1042,416,2.5
2011-08-23,1027,412,2.49
2011-08-24,616,844,0.73
2011-08-25,492,962,0.51
2011-08-26,213,1273,0.17
2011-08-29,1270,218,5.83
2011-08-30,1077,387,2.78
2011-09-02,894,570,1.57
2011-09-05,751,711,1.06
2011-09-06,894,562,1.59
2011-09-07,1121,355,3.16
2011-09-08,894,567,1.58
2011-09-09,521,949,0.55
2011-09-12,300,1186,0.25
2011-09-13,738,732,1.01
2011-09-14,825,619,1.33
2011-09-15,834,623,1.34
2011-09-16,648,813,0.8
2011-09-19,659,793,0.83
2011-09-20,1006,460,2.19
2011-09-21,846,616,1.37
2011-09-22,131,1373,0.1
2011-09-23,432,1051,0.41
2011-09-26,321,1163,0.28
2011-09-27,1156,316,3.66
2011-09-28,438,1034,0.42
2011-09-29,641,820,0.78
2011-09-30,494,950,0.52
2011-10-03,343,1123,0.31
2011-10-04,444,1017,0.44
2011-10-05,507,959,0.53
2011-10-07,1075,390,2.76
2011-10-10,968,496,1.95
2011-10-11,848,613,1.38
2011-10-12,1032,409,2.52
2011-10-13,720,725,0.99
2011-10-14,754,705,1.07
2011-10-17,691,775,0.89
2011-10-18,367,1090,0.34
2011-10-19,972,467,2.08
2011-10-20,510,923,0.55
2011-10-21,520,937,0.55
2011-10-24,639,823,0.78
2011-10-25,677,770,0.88
2011-10-26,1200,237,5.06
2011-10-28,996,501,1.99
2011-10-31,767,706,1.09
2011-11-01,501,963,0.52
2011-11-02,702,753,0.93
2011-11-03,680,751,0.91
2011-11-04,880,588,1.5
2011-11-08,673,785,0.86
2011-11-09,364,1124,0.32
2011-11-11,379,1108,0.34
2011-11-14,340,1137,0.3
2011-11-15,190,1315,0.14
2011-11-16,410,1072,0.38
2011-11-17,402,1083,0.37
2011-11-18,410,1079,0.38
2011-11-21,356,1138,0.31
2011-11-22,760,719,1.06
2011-11-23,310,1190,0.26
2011-11-24,823,658,1.25
2011-11-25,824,630,1.31
2011-11-28,1138,356,3.2
2011-11-29,581,536,1.08
2011-11-30,894,924,0.97
2011-12-01,961,495,1.94
2011-12-02,1022,416,2.46
2011-12-05,690,739,0.93
2011-12-07,778,692,1.12
2011-12-08,333,1151,0.29
2011-12-09,435,1028,0.42
2011-12-12,311,1171,0.27
2011-12-13,540,923,0.59
2011-12-14,464,1016,0.46
2011-12-15,385,1094,0.35
2011-12-16,314,1166,0.27
2011-12-19,265,1229,0.22
2011-12-20,382,1112,0.34
2011-12-21,964,517,1.86
2011-12-22,880,591,1.49
2011-12-23,807,638,1.26
2011-12-26,972,492,1.98
2011-12-27,588,864,0.68
2011-12-28,458,998,0.46
2011-12-29,519,947,0.55
2011-12-30,705,750,0.94
2012-01-02,767,678,1.13
2012-01-03,1237,237,5.22
2012-01-04,791,655,1.21
2012-01-05,797,661,1.21
2012-01-06,707,738,0.96
2012-01-07,930,380,2.45
2012-01-09,950,531,1.79
2012-01-10,1252,257,4.87
2012-01-11,1030,471,2.19
2012-01-12,740,742,1.0
2012-01-13,1048,468,2.24
2012-01-16,685,805,0.85
2012-01-17,1048,441,2.38
2012-01-18,433,1070,0.4
2012-01-19,1018,479,2.13
2012-01-20,637,835,0.76
2012-01-23,727,750,0.97
2012-01-24,907,579,1.57
2012-01-25,983,502,1.96
2012-01-27,981,508,1.93
2012-01-30,415,1086,0.38
2012-01-31,1047,438,2.39
2012-02-01,1060,430,2.47
2012-02-02,825,670,1.23
2012-02-03,900,579,1.55
2012-02-06,1003,497,2.02
2012-02-07,551,947,0.58
2012-02-08,952,542,1.76
2012-02-09,1014,490,2.07
2012-02-10,668,820,0.81
2012-02-13,776,724,1.07
2012-02-14,829,661,1.25
2012-02-15,1064,427,2.49
2012-02-16,855,648,1.32
2012-02-17,693,816,0.85
2012-02-21,904,614,1.47
2012-02-22,242,1293,0.19
2012-02-23,476,1024,0.46
2012-02-24,483,1019,0.47
2012-02-27,201,1308,0.15
2012-02-28,1263,246,5.13
2012-02-29,867,622,1.39
2012-03-01,583,893,0.65
2012-03-02,725,763,0.95
2012-03-05,427,1067,0.4
2012-03-06,420,1061,0.4
2012-03-07,501,994,0.5
2012-03-09,1092,400,2.73
2012-03-12,883,592,1.49
2012-03-13,974,509,1.91
2012-03-14,669,830,0.81
2012-03-15,392,1099,0.36
2012-03-16,449,1035,0.43
2012-03-19,434,1052,0.41
2012-03-20,695,784,0.89
2012-03-21,1043,419,2.49
2012-03-22,303,1202,0.25
2012-03-23,783,684,1.14
2012-03-26,345,1156,0.3
2012-03-27,345,1156,0.3
2012-03-28,366,1144,0.32
2012-03-29,835,643,1.3
2012-03-30,1163,343,3.39
2012-04-02,1105,405,2.73
2012-04-03,1028,477,2.16
2012-04-04,702,771,0.91
2012-04-09,493,1011,0.49
2012-04-10,665,783,0.85
2012-04-11,568,902,0.63
2012-04-12,965,502,1.92
2012-04-13,529,954,0.55
2012-04-16,841,634,1.33
2012-04-17,889,582,1.53
2012-04-18,858,636,1.35
2012-04-19,745,735,1.01
2012-04-20,522,975,0.54
2012-04-23,342,1142,0.3
2012-04-24,658,795,0.83
2012-04-25,465,1005,0.46
2012-04-26,555,904,0.61
2012-04-27,573,908,0.63
2012-04-28,770,502,1.53
2012-04-30,852,622,1.37
2012-05-02,660,792,0.83
2012-05-03,429,1046,0.41
2012-05-04,259,1230,0.21
2012-05-07,759,693,1.1
2012-05-08,456,1006,0.45
2012-05-09,404,1066,0.38
2012-05-10,616,852,0.72
2012-05-11,445,1030,0.43
2012-05-14,455,1014,0.45
2012-05-15,789,663,1.19
2012-05-16,388,1075,0.36
2012-05-17,736,713,1.03
2012-05-18,622,838,0.74
2012-05-21,943,504,1.87
2012-05-22,534,904,0.59
2012-05-23,507,934,0.54
2012-05-24,914,524,1.74
2012-05-25,844,601,1.4
2012-05-28,973,492,1.98
2012-05-29,754,685,1.1
2012-05-30,425,1047,0.41
2012-05-31,639,835,0.77
2012-06-01,376,1092,0.34
2012-06-04,621,842,0.74
2012-06-05,784,657,1.19
2012-06-06,1168,319,3.66
2012-06-07,848,589,1.44
2012-06-08,690,750,0.92
2012-06-11,769,693,1.11
2012-06-12,772,672,1.15
2012-06-13,708,733,0.97
2012-06-14,429,1029,0.42
2012-06-15,823,611,1.35
2012-06-18,420,1052,0.4
2012-06-19,709,733,0.97
2012-06-20,915,538,1.7
2012-06-21,935,512,1.83
2012-06-22,681,778,0.88
2012-06-25,775,693,1.12
2012-06-26,698,746,0.94
2012-06-27,810,629,1.29
2012-06-28,758,704,1.08
2012-06-29,1117,393,2.84
2012-07-02,991,501,1.98
2012-07-03,913,582,1.57
2012-07-04,956,525,1.82
2012-07-05,1102,416,2.65
2012-07-06,597,913,0.65
2012-07-09,442,1047,0.42
2012-07-10,974,503,1.94
2012-07-11,546,942,0.58
2012-07-12,460,1001,0.46
2012-07-13,676,810,0.83
2012-07-16,542,938,0.58
2012-07-17,429,1050,0.41
2012-07-18,745,731,1.02
2012-07-19,799,678,1.18
2012-07-20,514,953,0.54
2012-07-23,360,1132,0.32
2012-07-24,698,767,0.91
2012-07-25,481,992,0.48
2012-07-26,311,1159,0.27
2012-07-27,492,989,0.5
2012-07-30,981,503,1.95
2012-07-31,760,676,1.12
2012-08-01,966,506,1.91
2012-08-02,813,641,1.27
2012-08-03,598,869,0.69
2012-08-06,926,562,1.65
2012-08-07,822,656,1.25
2012-08-08,602,892,0.67
2012-08-09,492,981,0.5
2012-08-10,580,897,0.65
2012-08-13,810,672,1.21
2012-08-14,761,710,1.07
2012-08-16,761,710,1.07
2012-08-17,681,818,0.83
2012-08-21,815,673,1.21
2012-08-22,676,815,0.83
2012-08-23,663,813,0.82
2012-08-24,491,972,0.51
2012-08-27,444,1037,0.43
2012-08-28,352,1121,0.31
2012-08-29,457,1008,0.45
2012-08-30,739,726,1.02
2012-08-31,634,833,0.76
2012-09-03,807,656,1.23
2012-09-04,846,603,1.4
2012-09-05,594,883,0.67
2012-09-06,762,700,1.09
2012-09-07,1037,450,2.3
2012-09-08,872,446,1.96
2012-09-10,802,680,1.18
2012-09-11,813,657,1.24
2012-09-12,864,616,1.4
2012-09-13,597,895,0.67
2012-09-14,806,678,1.19
2012-09-17,896,616,1.45
2012-09-18,922,579,1.59
2012-09-20,515,966,0.53
2012-09-21,1057,467,2.26
2012-09-24,904,593,1.52
2012-09-25,777,706,1.1
2012-09-26,732,751,0.97
2012-09-27,753,747,1.01
2012-09-28,925,595,1.55
2012-10-01,969,551,1.76
2012-10-03,934,595,1.57
2012-10-04,928,595,1.56
2012-10-05,450,1078,0.42
2012-10-08,664,841,0.79
2012-10-09,883,677,1.3
2012-10-10,395,1130,0.35
2012-10-11,922,565,1.63
2012-10-12,655,843,0.78
2012-10-15,764,730,1.05
2012-10-16,537,986,0.54
2012-10-17,659,827,0.8
2012-10-18,989,521,1.9
2012-10-19,577,938,0.62
2012-10-22,705,793,0.89
2012-10-23,603,884,0.68
2012-10-25,603,903,0.67
2012-10-26,458,1044,0.44
2012-10-29,561,940,0.6
2012-10-30,425,1082,0.39
2012-10-31,825,654,1.26
2012-11-01,948,540,1.76
2012-11-02,886,623,1.42
2012-11-05,672,834,0.81
2012-11-06,791,690,1.15
2012-11-07,927,573,1.62
2012-11-08,662,854,0.78
2012-11-09,486,1011,0.48
2012-11-12,684,804,0.85
2012-11-15,542,981,0.55
2012-11-16,483,1021,0.47
2012-11-19,450,1051,0.43
2012-11-20,430,1066,0.4
2012-11-21,769,726,1.06
2012-11-22,786,704,1.12
2012-11-23,647,841,0.77
2012-11-26,869,622,1.4
2012-11-27,1002,512,1.96
2012-11-29,891,638,1.4
2012-11-30,939,587,1.6
2012-12-03,938,588,1.6
2012-12-04,827,688,1.2
2012-12-05,893,627,1.42
2012-12-06,841,670,1.26
2012-12-07,678,855,0.79
2012-12-10,758,757,1.0
2012-12-11,476,1063,0.45
2012-12-12,639,859,0.74
2012-12-13,444,1097,0.4
2012-12-14,720,777,0.93
2012-12-17,823,702,1.17
2012-12-18,870,636,1.37
2012-12-19,869,645,1.35
2012-12-20,600,897,0.67
2012-12-21,358,1166,0.31
2012-12-24,736,769,0.96
2012-12-26,819,679,1.21
2012-12-27,525,970,0.54
2012-12-28,786,706,1.11
2012-12-31,859,654,1.31
2013-01-01,1102,409,2.69
2013-01-02,958,568,1.69
2013-01-03,899,610,1.47
2013-01-04,758,776,0.98
2013-01-07,841,683,1.23
2013-01-08,669,841,0.8
2013-01-09,600,923,0.65
2013-01-10,500,1010,0.5
2013-01-11,361,1159,0.31
2013-01-14,910,593,1.53
2013-01-15,749,752,1.0
2013-01-16,328,1198,0.27
2013-01-17,681,825,0.83
2013-01-18,592,922,0.64
2013-01-21,690,822,0.84
2013-01-22,424,1103,0.38
2013-01-23,420,1100,0.38
2013-01-24,270,1264,0.21
2013-01-25,926,585,1.58
2013-01-28,796,688,1.16
2013-01-29,529,966,0.55
2013-01-30,574,922,0.62
2013-01-31,679,801,0.85
2013-02-01,634,859,0.74
2013-02-04,525,978,0.54
2013-02-05,433,1074,0.4
2013-02-06,761,731,1.04
2013-02-07,438,1057,0.41
2013-02-08,436,1072,0.41
2013-02-11,617,893,0.69
2013-02-12,556,931,0.6
2013-02-13,585,895,0.65
2013-02-14,333,1174,0.28
2013-02-15,595,915,0.65
2013-02-18,906,592,1.53
2013-02-19,1010,485,2.08
2013-02-20,787,697,1.13
2013-02-21,316,1202,0.26
2013-02-22,740,752,0.98
2013-02-25,423,1083,0.39
2013-02-26,265,1266,0.21
2013-02-27,824,694,1.19
2013-02-28,345,1160,0.3
2013-03-01,687,819,0.84
2013-03-04,360,1152,0.31
2013-03-05,999,504,1.98
2013-03-06,1034,468,2.21
2013-03-07,810,669,1.21
2013-03-08,980,529,1.85
2013-03-11,733,762,0.96
2013-03-12,554,945,0.59
2013-03-13,395,1108,0.36
2013-03-14,725,747,0.97
2013-03-15,506,1003,0.5
2013-03-18,503,985,0.51
2013-03-19,336,1173,0.29
2013-03-20,271,1241,0.22
2013-03-21,406,1111,0.37
2013-03-22,459,1053,0.44
2013-03-25,556,962,0.58
2013-03-26,656,832,0.79
2013-03-28,909,568,1.6
2013-04-01,1145,373,3.07
2013-04-02,1141,371,3.08
2013-04-03,646,863,0.75
2013-04-04,359,1156,0.31
2013-04-05,726,762,0.95
2013-04-08,547,735,0.74
2013-04-09,416,905,0.46
2013-04-10,682,656,1.04
2013-04-11,711,628,1.13
2013-04-12,550,798,0.69
2013-04-15,720,611,1.18
2013-04-16,844,520,1.62
2013-04-17,676,675,1.0
2013-04-18,818,544,1.5
2013-04-22,871,513,1.7
2013-04-23,678,701,0.97
2013-04-25,743,650,1.14
2013-04-26,529,840,0.63
2013-04-29,753,588,1.28
2013-04-30,628,716,0.88
2013-05-02,806,578,1.39
2013-05-03,524,842,0.62
2013-05-06,819,571,1.43
2013-05-07,836,561,1.49
2013-05-08,694,683,1.02
2013-05-09,579,818,0.71
2013-05-10,684,688,0.99
2013-05-13,367,1028,0.36
2013-05-14,651,717,0.91
2013-05-15,909,461,1.97
2013-05-16,674,709,0.95
2013-05-17,630,739,0.85
2013-05-20,582,807,0.72
2013-05-21,478,904,0.53
2013-05-22,440,949,0.46
2013-05-23,226,1155,0.2
2013-05-24,732,623,1.17
2013-05-27,849,508,1.67
2013-05-28,716,669,1.07
2013-05-29,514,842,0.61
2013-05-30,565,797,0.71
2013-05-31,350,1042,0.34
2013-06-03,561,792,0.71
2013-06-04,662,700,0.95
2013-06-05,652,686,0.95
2013-06-06,637,705,0.9
2013-06-07,572,788,0.73
2013-06-10,433,943,0.46
2013-06-11,286,1057,0.27
2013-06-12,531,837,0.63
2013-06-13,349,1010,0.35
2013-06-14,937,432,2.17
2013-06-17,711,624,1.14
2013-06-18,673,673,1.0
2013-06-19,724,629,1.15
2013-06-20,241,1127,0.21
2013-06-21,471,890,0.53
2013-06-24,246,1128,0.22
2013-06-25,539,809,0.67
2013-06-26,479,882,0.54
2013-06-27,720,628,1.15
2013-06-28,1011,377,2.68
2013-07-01,1041,324,3.21
2013-07-02,632,735,0.86
2013-07-03,342,1011,0.34
2013-07-04,732,609,1.2
2013-07-05,688,651,1.06
2013-07-08,515,781,0.66
2013-07-09,817,480,1.7
2013-07-10,559,729,0.77
2013-07-11,846,474,1.78
2013-07-12,596,710,0.84
2013-07-15,790,537,1.47
2013-07-16,399,905,0.44
2013-07-17,513,804,0.64
2013-07-18,701,578,1.21
2013-07-19,506,814,0.62
2013-07-22,569,754,0.75
2013-07-23,659,650,1.01
2013-07-24,307,1025,0.3
2013-07-25,420,891,0.47
2013-07-26,400,901,0.44
2013-07-29,396,928,0.43
2013-07-30,295,1022,0.29
2013-07-31,439,876,0.5
2013-08-01,396,913,0.43
2013-08-02,374,929,0.4
2013-08-05,615,686,0.9
2013-08-06,282,1052,0.27
2013-08-07,776,506,1.53
2013-08-08,888,412,2.16
2013-08-12,921,411,2.24
2013-08-13,871,447,1.95
2013-08-14,733,600,1.22
2013-08-16,247,1074,0.23
2013-08-19,395,916,0.43
2013-08-20,660,637,1.04
2013-08-21,427,863,0.49
2013-08-22,762,526,1.45
2013-08-23,805,475,1.69
2013-08-26,758,563,1.35
2013-08-27,267,1053,0.25
2013-08-28,417,885,0.47
2013-08-29,782,498,1.57
2013-08-30,672,621,1.08
2013-09-02,896,409,2.19
2013-09-03,344,951,0.36
2013-09-04,841,475,1.77
2013-09-05,922,394,2.34
2013-09-06,768,556,1.38
2013-09-10,956,394,2.43
2013-09-11,861,478,1.8
2013-09-12,639,693,0.92
2013-09-13,808,529,1.53
2013-09-16,532,797,0.67
2013-09-17,567,758,0.75
2013-09-18,683,634,1.08
2013-09-19,911,434,2.1
2013-09-20,432,887,0.49
2013-09-23,479,849,0.56
2013-09-24,590,691,0.85
2013-09-25,554,734,0.75
2013-09-26,685,588,1.16
2013-09-27,596,712,0.84
2013-09-30,470,853,0.55
2013-10-01,755,548,1.38
2013-10-03,860,450,1.91
2013-10-04,639,671,0.95
2013-10-07,731,549,1.33
2013-10-08,707,588,1.2
2013-10-09,873,457,1.91
2013-10-10,765,547,1.4
2013-10-11,716,621,1.15
2013-10-14,698,650,1.07
2013-10-15,453,887,0.51
2013-10-17,643,704,0.91
2013-10-18,806,542,1.49
2013-10-21,859,477,1.8
2013-10-22,894,492,1.82
2013-10-23,652,698,0.93
2013-10-24,591,756,0.78
2013-10-25,492,863,0.57
2013-10-28,494,854,0.58
2013-10-29,757,584,1.3
2013-10-30,713,633,1.13
2013-10-31,737,600,1.23
2013-11-01,878,483,1.82
2013-11-03,930,217,4.29
2013-11-05,743,619,1.2
2013-11-06,713,635,1.12
2013-11-07,504,867,0.58
2013-11-08,552,801,0.69
2013-11-11,473,882,0.54
2013-11-12,461,897,0.51
2013-11-13,463,861,0.54
2013-11-14,862,477,1.81
2013-11-18,862,512,1.68
2013-11-19,694,678,1.02
2013-11-20,647,707,0.92
2013-11-21,417,947,0.44
2013-11-22,603,738,0.82
2013-11-25,864,491,1.76
2013-11-26,505,846,0.6
2013-11-27,577,766,0.75
2013-11-28,797,536,1.49
2013-11-29,895,472,1.9
2013-12-02,872,501,95.0
2013-12-03,668,700,89.0
2013-12-04,585,769,92.0
2013-12-05,683,663,106.0
2013-12-06,728,626,101.0
2013-12-09,668,707,91.0
2013-12-10,434,909,94.0
2013-12-11,545,780,104.0
2013-12-12,483,844,105.0
2013-12-13,334,1004,84.0
2013-12-16,557,757,90.0
2013-12-17,608,731,106.0
2013-12-18,896,441,108.0
2013-12-19,593,725,96.0
2013-12-20,933,406,99.0
2013-12-23,902,476,87.0
2013-12-24,834,547,86.0
2013-12-26,936,453,80.0
2013-12-27,767,614,90.0
2013-12-30,696,698,79.0
2013-12-31,825,561,91.0
2014-01-01,957,413,86.0
2014-01-02,422,980,66.0
2014-01-03,705,640,85.0
2014-01-06,796,565,92.0
2014-01-07,626,738,105.0
2014-01-08,771,609,96.0
2014-01-09,483,920,72.0
2014-01-10,446,939,89.0
2014-01-13,705,746,86.0
2014-01-14,606,830,86.0
2014-01-15,760,680,92.0
2014-01-16,570,887,80.0
2014-01-17,367,1075,79.0
2014-01-20,783,657,97.0
2014-01-21,725,704,81.0
2014-01-22,755,661,108.0
2014-01-23,612,825,99.0
2014-01-24,338,1121,71.0
2014-01-27,221,1229,43.0
2014-01-28,709,673,95.0
2014-01-29,656,758,91.0
2014-01-30,339,1082,62.0
2014-01-31,921,487,79.0
2014-02-03,519,887,91.0
2014-02-04,699,710,95.0
2014-02-05,852,571,83.0
2014-02-06,663,731,111.0
2014-02-07,808,625,96.0
2014-02-10,668,730,91.0
2014-02-11,649,761,100.0
2014-02-12,636,767,108.0
2014-02-13,392,1031,75.0
2014-02-14,638,756,104.0
2014-02-17,582,824,91.0
2014-02-18,807,601,109.0
2014-02-19,777,652,103.0
2014-02-20,558,851,89.0
2014-02-21,847,554,125.0
2014-02-24,733,698,103.0
2014-02-25,668,753,92.0
2014-02-26,693,749,87.0
2014-02-28,734,719,91.0
2014-03-03,578,859,77.0
2014-03-04,950,509,75.0
2014-03-05,834,594,108.0
2014-03-06,1015,462,85.0
2014-03-07,715,757,96.0
2014-03-10,797,678,93.0
2014-03-11,614,860,97.0
2014-03-12,677,793,97.0
2014-03-13,608,850,112.0
2014-03-14,596,881,91.0
2014-03-18,854,626,89.0
2014-03-19,739,718,109.0
2014-03-20,585,884,90.0
2014-03-21,875,597,92.0
2014-03-22,782,524,69.0
2014-03-24,708,766,96.0
2014-03-25,661,820,102.0
2014-03-26,674,801,101.0
2014-03-27,891,590,92.0
2014-03-28,1027,467,86.0
2014-03-31,1036,439,94.0
2014-04-01,845,610,77.0
2014-04-02,1080,421,75.0
2014-04-03,652,833,108.0
2014-04-04,882,592,85.0
2014-04-07,778,703,96.0
2014-04-09,1129,388,93.0
2014-04-10,873,664,97.0
2014-04-11,816,672,97.0
2014-04-15,627,878,112.0
2014-04-16,474,1023,91.0
2014-04-17,1037,458,89.0
2014-04-21,1029,457,109.0
2014-04-22,754,745,90.0
2014-04-23,764,738,92.0
2014-04-25,601,912,69.0
2014-04-28,742,748,96.0
2014-04-29,607,877,102.0
2014-04-30,404,1104,101.0
2014-05-02,744,722,1.03
2014-05-05,632,861,0.73
2014-05-06,730,759,0.96
2014-05-07,597,879,0.68
2014-05-08,652,815,0.8
2014-05-09,927,570,1.63
2014-05-12,765,748,1.02
2014-05-13,959,547,1.75
2014-05-14,965,553,1.75
2014-05-15,533,986,0.54
2014-05-16,802,724,1.11
2014-05-19,1285,269,4.78
2014-05-20,1226,340,3.61
2014-05-21,1113,452,2.46
2014-05-22,1197,373,3.21
2014-05-23,1138,447,2.55
2014-05-26,534,1056,0.51
2014-05-27,593,977,0.61
2014-05-28,1045,525,1.99
2014-05-29,670,905,0.74
2014-05-30,763,789,0.97
2014-06-02,1127,446,2.53
2014-06-03,981,572,1.72
2014-06-04,1129,436,2.59
2014-06-05,1128,444,2.54
2014-06-06,1100,489,2.25
2014-06-09,1173,423,2.77
2014-06-10,825,771,1.07
2014-06-11,691,897,0.77
2014-06-12,822,763,1.08
2014-06-13,299,1282,0.23
2014-06-16,693,844,0.82
2014-06-17,1172,382,3.07
2014-06-18,614,947,0.65
2014-06-19,658,867,0.76
2014-06-20,591,968,0.61
2014-06-23,782,745,1.05
2014-06-24,1118,422,2.65
2014-06-25,833,713,1.17
2014-06-26,685,861,0.8
2014-06-27,823,712,1.16
2014-06-30,1155,398,2.9
2014-07-01,1009,540,1.87
2014-07-02,980,567,1.73
2014-07-03,648,917,0.71
2014-07-04,875,675,1.3
2014-07-07,801,770,1.04
2014-07-08,222,1359,0.16
2014-07-09,337,1217,0.28
2014-07-10,952,564,1.69
2014-07-11,232,1316,0.18
2014-07-14,586,955,0.61
2014-07-15,1134,412,2.75
2014-07-16,1161,389,2.98
2014-07-17,1034,501,2.06
2014-07-18,688,849,0.81
2014-07-21,936,609,1.54
2014-07-22,752,808,0.93
2014-07-23,581,956,0.61
2014-07-24,762,762,1.0
2014-07-25,387,1162,0.33
2014-07-28,520,1024,0.51
2014-07-30,737,803,0.92
2014-07-31,728,789,0.92
2014-08-01,471,1067,0.44
2014-08-04,1061,469,2.26
2014-08-05,983,555,1.77
2014-08-06,718,822,0.87
2014-08-07,557,969,0.57
2014-08-08,296,1262,0.23
2014-08-11,933,607,1.54
2014-08-12,854,655,1.3
2014-08-13,351,1202,0.29
2014-08-14,927,619,1.5
2014-08-18,1118,426,2.62
2014-08-19,934,602,1.55
2014-08-20,861,688,1.25
2014-08-21,835,698,1.2
2014-08-22,746,806,0.93
2014-08-25,588,974,0.6
2014-08-26,516,1045,0.49
2014-08-27,852,695,1.23
2014-08-28,679,849,0.8
2014-09-01,1104,489,2.26
2014-09-02,925,627,1.48
2014-09-03,762,791,0.96
2014-09-04,536,1016,0.53
2014-09-05,887,674,1.32
2014-09-08,1155,389,2.97
2014-09-09,819,723,1.13
2014-09-10,889,686,1.3
2014-09-11,1066,504,2.12
2014-09-12,863,710,1.22
2014-09-15,852,731,1.17
2014-09-16,226,1351,0.17
2014-09-17,754,800,0.94
2014-09-18,1246,308,4.05
2014-09-19,706,846,0.83
2014-09-22,818,743,1.1
2014-09-23,315,1256,0.25
2014-09-24,381,1169,0.33
2014-09-25,222,1355,0.16
2014-09-26,867,693,1.25
2014-09-29,1005,536,1.88
2014-09-30,713,812,0.88
2014-10-01,592,932,0.64
2014-10-07,483,1075,0.45
2014-10-08,672,862,0.78
2014-10-09,1192,350,3.41
2014-10-10,397,1137,0.35
2014-10-13,804,732,1.1
2014-10-14,653,890,0.73
2014-10-16,258,1302,0.2
2014-10-17,711,826,0.86
2014-10-20,936,599,1.56
2014-10-21,813,695,1.17
2014-10-22,1003,501,2.0
2014-10-23,1193,255,4.68
2014-10-27,621,940,0.66
2014-10-28,825,686,1.2
2014-10-29,866,656,1.32
2014-10-30,833,691,1.21
2014-10-31,1008,528,1.91
2014-11-03,1018,508,2.0
2014-11-05,840,694,1.21
2014-11-07,682,875,0.78
2014-11-10,747,796,0.94
2014-11-11,802,746,1.08
2014-11-12,776,781,0.99
2014-11-13,590,956,0.62
2014-11-14,829,717,1.16
2014-11-17,857,700,1.22
2014-11-18,845,714,1.18
2014-11-19,537,1019,0.53
2014-11-20,564,970,0.58
2014-11-21,652,889,0.73
2014-11-24,708,841,0.84
2014-11-25,298,1263,0.24
2014-11-26,928,574,1.62
2014-11-27,824,703,1.17
2014-11-28,746,793,0.94
2014-12-01,549,988,0.56
2014-12-02,821,705,1.16
2014-12-03,1115,422,2.64
2014-12-04,802,718,1.12
2014-12-05,691,853,0.81
2014-12-08,471,1081,0.44
2014-12-09,327,1230,0.27
2014-12-10,963,559,1.72
2014-12-11,493,1029,0.48
2014-12-12,357,1173,0.3
2014-12-15,519,1005,0.52
2014-12-16,184,1371,0.13
2014-12-17,523,1019,0.51
2014-12-18,1323,216,6.13
2014-12-19,815,709,1.15
2014-12-22,885,625,1.42
2014-12-23,488,1030,0.47
2014-12-24,715,784,0.91
2014-12-26,775,746,1.04
2014-12-29,945,580,1.63
2014-12-30,775,738,1.05
2014-12-31,1004,503,2.0
2015-01-01,1022,497,2.06
2015-01-02,1051,488,2.15
2015-01-05,768,762,1.01
2015-01-06,216,1348,0.16
2015-01-07,646,892,0.72
2015-01-08,1249,298,4.19
2015-01-09,662,862,0.77
2015-01-12,909,636,1.43
2015-01-13,674,859,0.78
2015-01-14,597,938,0.64
2015-01-15,986,561,1.76
2015-01-16,690,831,0.83
2015-01-19,929,597,1.56
2015-01-20,859,683,1.26
2015-01-21,627,917,0.68
2015-01-22,705,818,0.86
2015-01-23,524,1021,0.51
2015-01-27,728,812,0.9
2015-01-28,551,985,0.56
2015-01-29,726,791,0.92
2015-01-30,579,917,0.63
2015-02-02,879,630,1.4
2015-02-03,659,838,0.79
2015-02-04,645,848,0.76
2015-02-05,448,1058,0.42
2015-02-06,347,1158,0.3
2015-02-09,361,1140,0.32
2015-02-10,728,753,0.97
2015-02-11,1020,478,2.13
2015-02-12,931,549,1.7
2015-02-13,818,672,1.22
2015-02-16,649,864,0.75
2015-02-18,905,590,1.53
2015-02-19,705,788,0.89
2015-02-20,759,754,1.01
2015-02-23,537,976,0.55
2015-02-24,551,941,0.59
2015-02-25,610,897,0.68
2015-02-26,440,1037,0.42
2015-02-27,1078,420,2.57
2015-02-28,598,863,0.69
2015-03-02,834,668,1.25
2015-03-03,946,550,1.72
2015-03-04,420,1082,0.39
2015-03-05,729,760,0.96
2015-03-09,446,1067,0.42
2015-03-10,610,912,0.67
2015-03-11,545,959,0.57
2015-03-12,923,569,1.62
2015-03-13,362,1167,0.31
2015-03-16,451,1078,0.42
2015-03-17,795,716,1.11
2015-03-18,667,848,0.79
2015-03-19,502,987,0.51
2015-03-20,314,1222,0.26
2015-03-23,414,1108,0.37
2015-03-24,558,937,0.6
2015-03-25,508,993,0.51
2015-03-26,454,1057,0.43
2015-03-27,585,927,0.63
2015-03-30,1235,272,4.54
2015-03-31,868,617,1.41
2015-04-01,1211,298,4.06
2015-04-06,1071,453,2.36
2015-04-07,926,606,1.53
2015-04-08,975,551,1.77
2015-04-09,805,722,1.11
2015-04-10,955,578,1.65
2015-04-13,916,621,1.48
2015-04-15,646,884,0.73
2015-04-16,490,1029,0.48
2015-04-17,482,1046,0.46
2015-04-20,304,1219,0.25
2015-04-21,642,854,0.75
2015-04-22,711,789,0.9
2015-04-23,700,809,0.87
2015-04-24,235,1287,0.18
2015-04-27,246,1277,0.19
2015-04-28,998,499,2.0
2015-04-29,849,636,1.33
2015-04-30,661,823,0.8
2015-05-04,1204,324,3.72
2015-05-05,700,802,0.87
2015-05-06,178,1337,0.13
2015-05-07,296,1207,0.25
2015-05-08,1159,350,3.31
2015-05-11,1055,442,2.39
2015-05-12,295,1213,0.24
2015-05-13,980,509,1.93
2015-05-14,874,603,1.45
2015-05-15,821,660,1.24
2015-05-18,990,485,2.04
2015-05-19,781,711,1.1
2015-05-20,763,727,1.05
2015-05-21,609,882,0.69
2015-05-22,637,845,0.75
2015-05-25,568,915,0.62
2015-05-26,580,892,0.65
2015-05-27,656,825,0.8
2015-05-28,641,825,0.78
2015-05-29,861,622,1.38
2015-06-01,672,844,0.8
2015-06-02,292,1206,0.24
2015-06-03,227,1306,0.17
2015-06-04,702,768,0.91
2015-06-05,794,692,1.15
2015-06-08,347,1133,0.31
2015-06-09,554,925,0.6
2015-06-10,1031,425,2.43
2015-06-11,289,1200,0.24
2015-06-12,601,871,0.69
2015-06-15,824,646,1.28
2015-06-16,756,714,1.06
2015-06-17,1033,451,2.29
2015-06-18,987,476,2.07
2015-06-19,818,675,1.21
2015-06-22,1063,456,2.33
2015-06-23,858,619,1.39
2015-06-24,624,859,0.73
2015-06-25,723,747,0.97
2015-06-26,580,901,0.64
2015-06-29,345,1158,0.3
2015-06-30,1054,440,2.4
2015-07-01,1136,369,3.08
2015-07-02,850,661,1.29
2015-07-03,783,711,1.1
2015-07-06,1036,468,2.21
2015-07-07,926,601,1.54
2015-07-08,418,1100,0.38
2015-07-09,827,673,1.23
2015-07-10,787,693,1.14
2015-07-13,1020,482,2.12
2015-07-14,832,655,1.27
2015-07-15,845,654,1.29
2015-07-16,851,652,1.31
2015-07-17,749,764,0.98
2015-07-20,797,718,1.11
2015-07-21,356,1172,0.3
2015-07-22,1027,485,2.12
2015-07-23,768,736,1.04
2015-07-24,573,947,0.61
2015-07-27,441,1085,0.41
2015-07-28,685,795,0.86
2015-07-29,910,597,1.52
2015-07-30,970,533,1.82
2015-07-31,892,615,1.45
2015-08-03,980,549,1.79
2015-08-04,826,677,1.22
2015-08-05,1002,535,1.87
2015-08-06,664,856,0.78
2015-08-07,655,862,0.76
2015-08-10,682,842,0.81
2015-08-11,389,1133,0.34
2015-08-12,230,1296,0.18
2015-08-13,450,1059,0.42
2015-08-14,1082,420,2.58
2015-08-17,772,750,1.03
2015-08-18,884,631,1.4
2015-08-19,743,758,0.98
2015-08-20,302,1226,0.25
2015-08-21,472,1046,0.45
2015-08-24,65,1508,0.04
2015-08-25,754,765,0.99
2015-08-26,751,743,1.01
2015-08-27,1266,254,4.98
2015-08-28,768,737,1.04
2015-08-31,668,837,0.8
2015-09-01,234,1289,0.18
2015-09-02,687,821,0.84
2015-09-03,1099,406,2.71
2015-09-04,215,1323,0.16
2015-09-07,295,1234,0.24
2015-09-08,912,584,1.56
2015-09-09,1245,284,4.38
2015-09-10,554,940,0.59
2015-09-11,898,594,1.51
2015-09-14,1076,444,2.42
2015-09-15,534,969,0.55
2015-09-16,717,779,0.92
2015-09-18,1040,454,2.29
2015-09-21,961,538,1.79
2015-09-22,430,1075,0.4
2015-09-23,848,632,1.34
2015-09-24,809,690,1.17
2015-09-28,574,931,0.62
2015-09-29,672,807,0.83
2015-09-30,1019,482,2.11
2015-10-01,764,742,1.03
2015-10-05,1207,316,3.82
2015-10-06,916,596,1.54
2015-10-07,955,562,1.7
2015-10-08,656,871,0.75
2015-10-09,822,698,1.18
2015-10-12,697,819,0.85
2015-10-13,843,674,1.25
2015-10-14,792,691,1.15
2015-10-15,866,655,1.32
2015-10-16,768,744,1.03
2015-10-19,858,658,1.3
2015-10-20,827,708,1.17
2015-10-21,674,843,0.8
2015-10-23,659,856,0.77
2015-10-26,504,1026,0.49
2015-10-27,659,837,0.79
2015-10-28,618,874,0.71
2015-10-29,612,873,0.7
2015-10-30,485,1034,0.47
2015-11-02,581,921,0.63
2015-11-03,848,652,1.3
2015-11-04,640,860,0.74
2015-11-05,346,1165,0.3
2015-11-06,510,988,0.52
2015-11-09,852,637,1.34
2015-11-10,493,1009,0.49
2015-11-11,1259,179,7.03
2015-11-13,454,1076,0.42
2015-11-16,828,707,1.17
2015-11-17,821,702,1.17
2015-11-18,516,1012,0.51
2015-11-19,1078,433,2.49
2015-11-20,893,635,1.41
2015-11-23,831,705,1.18
2015-11-24,847,678,1.25
2015-11-26,928,597,1.55
2015-11-27,795,733,1.08
2015-11-30,915,623,1.47
2015-12-01,882,656,1.34
2015-12-02,761,774,0.98
2015-12-03,570,969,0.59
2015-12-04,532,996,0.53
2015-12-07,745,798,0.93
2015-12-08,362,1189,0.3
2015-12-09,188,1375,0.14
2015-12-10,1117,418,2.67
2015-12-11,456,1082,0.42
2015-12-14,871,663,1.31
2015-12-15,968,545,1.78
2015-12-16,832,702,1.19
2015-12-17,1239,322,3.85
2015-12-18,699,858,0.81
2015-12-21,1113,454,2.45
2015-12-22,737,821,0.9
2015-12-23,931,614,1.52
2015-12-24,875,655,1.34
2015-12-28,875,677,1.29
2015-12-29,650,916,0.71
2015-12-30,732,810,0.9
2015-12-31,880,660,1.33
2016-01-01,1113,452,2.46
2016-01-04,533,1063,0.5
2016-01-05,1099,478,2.3
2016-01-06,622,957,0.65
2016-01-07,194,1409,0.14
2016-01-08,1231,343,3.59
2016-01-11,578,994,0.58
2016-01-12,436,1135,0.38
2016-01-13,298,1293,0.23
2016-01-14,382,1190,0.32
2016-01-15,143,1450,0.1
2016-01-18,158,1451,0.11
2016-01-19,1149,428,2.68
2016-01-20,224,1352,0.17
2016-01-21,839,719,1.17
2016-01-22,1313,266,4.94
2016-01-25,1059,517,2.05
2016-01-27,842,697,1.21
2016-01-28,730,805,0.91
2016-01-29,1021,541,1.89
2016-02-01,853,698,1.22
2016-02-02,385,1175,0.33
2016-02-03,211,1359,0.16
2016-02-04,585,968,0.6
2016-02-05,1060,492,2.15
2016-02-08,727,824,0.88
2016-02-09,365,1189,0.31
2016-02-10,297,1277,0.23
2016-02-11,121,1478,0.08
2016-02-12,493,1076,0.46
2016-02-15,1331,237,5.62
2016-02-16,273,1290,0.21
2016-02-17,696,857,0.81
2016-02-18,929,603,1.54
2016-02-19,834,702,1.19
2016-02-22,877,661,1.33
2016-02-23,349,1206,0.29
2016-02-24,415,1124,0.37
2016-02-25,523,994,0.53
2016-02-26,586,926,0.63
2016-02-29,640,872,0.73
2016-03-01,1343,210,6.4
2016-03-02,1257,323,3.89
2016-03-03,1089,453,2.4
2016-03-04,959,597,1.61
2016-03-08,776,797,0.97
2016-03-09,853,687,1.24
2016-03-10,659,881,0.75
2016-03-11,650,903,0.72
2016-03-14,822,735,1.12
2016-03-15,506,1037,0.49
2016-03-16,668,873,0.77
2016-03-17,823,714,1.15
2016-03-18,814,753,1.08
2016-03-21,989,595,1.66
2016-03-22,843,717,1.18
2016-03-23,759,783,0.97
2016-03-28,347,1254,0.28
2016-03-29,623,942,0.66
2016-03-30,1235,337,3.66
2016-03-31,784,769,1.02
2016-04-01,1086,468,2.32
2016-04-04,990,572,1.73
2016-04-05,435,1122,0.39
2016-04-06,1077,472,2.28
2016-04-07,617,922,0.67
2016-04-08,954,590,1.62
2016-04-11,930,624,1.49
2016-04-12,960,604,1.59
2016-04-13,1029,524,1.96
2016-04-18,886,684,1.3
2016-04-20,902,674,1.34
2016-04-21,631,945,0.67
2016-04-22,754,781,0.97
2016-04-25,564,1007,0.56
2016-04-26,1005,543,1.85
2016-04-27,748,793,0.94
2016-04-28,408,1129,0.36
2016-04-29,693,837,0.83
2016-05-02,763,813,0.94
2016-05-03,667,892,0.75
2016-05-04,367,1193,0.31
2016-05-05,737,804,0.92
2016-05-06,675,857,0.79
2016-05-09,1094,466,2.35
2016-05-10,757,778,0.97
2016-05-11,601,939,0.64
2016-05-12,996,543,1.83
2016-05-13,564,992,0.57
2016-05-16,761,787,0.97
2016-05-17,774,773,1.0
2016-05-18,734,779,0.94
2016-05-19,436,1105,0.39
2016-05-20,455,1107,0.41
2016-05-23,587,982,0.6
2016-05-24,492,1075,0.46
2016-05-25,1073,471,2.28
2016-05-26,916,627,1.46
2016-05-27,919,630,1.46
2016-05-30,775,790,0.98
2016-05-31,590,970,0.61
2016-06-01,873,684,1.28
2016-06-02,767,785,0.98
2016-06-03,670,891,0.75
2016-06-06,726,843,0.86
2016-06-07,933,616,1.51
2016-06-08,1028,541,1.9
2016-06-09,714,828,0.86
2016-06-10,720,856,0.84
2016-06-13,590,984,0.6
2016-06-14,974,589,1.65
2016-06-15,1056,494,2.14
2016-06-16,542,1036,0.52
2016-06-17,749,800,0.94
2016-06-20,875,677,1.29
2016-06-21,751,813,0.92
2016-06-22,513,1057,0.49
2016-06-23,618,954,0.65
2016-06-24,337,1241,0.27
2016-06-27,1221,339,3.6
2016-06-28,1043,530,1.97
2016-06-29,1177,396,2.97
2016-06-30,1040,528,1.97
2016-07-01,890,703,1.27
2016-07-04,1071,521,2.06
2016-07-05,707,890,0.79
2016-07-07,871,745,1.17
2016-07-08,617,988,0.62
2016-07-11,1094,540,2.03
2016-07-12,735,882,0.83
2016-07-13,507,1110,0.46
2016-07-14,1000,617,1.62
2016-07-15,532,1072,0.5
2016-07-18,613,1020,0.6
2016-07-19,695,906,0.77
2016-07-20,1074,519,2.07
2016-07-21,585,1018,0.57
2016-07-22,945,647,1.46
2016-07-25,1078,528,2.04
2016-07-26,538,1075,0.5
2016-07-27,796,807,0.99
2016-07-28,893,704,1.27
2016-07-29,716,911,0.79
2016-08-01,609,1009,0.6
2016-08-02,484,1137,0.43
2016-08-03,407,1213,0.34
2016-08-04,856,752,1.14
2016-08-05,1212,397,3.05
2016-08-08,904,726,1.25
2016-08-09,611,987,0.62
2016-08-10,399,1220,0.33
2016-08-11,624,967,0.65
2016-08-12,771,816,0.94
2016-08-16,610,994,0.61
2016-08-17,883,703,1.26
2016-08-18,1077,521,2.07
2016-08-19,898,698,1.29
2016-08-22,699,902,0.77
2016-08-23,735,866,0.85
2016-08-24,948,651,1.46
2016-08-25,640,942,0.68
2016-08-26,577,1019,0.57
2016-08-29,711,889,0.8
2016-08-30,1009,578,1.75
2016-08-31,757,855,0.89
2016-09-01,555,1071,0.52
2016-09-02,892,688,1.3
2016-09-06,1033,595,1.74
2016-09-07,806,816,0.99
2016-09-08,1004,616,1.63
2016-09-09,560,1056,0.53
2016-09-14,1092,531,2.06
2016-09-15,854,741,1.15
2016-09-16,747,875,0.85
2016-09-19,856,755,1.13
2016-09-20,614,996,0.62
2016-09-21,832,799,1.04
2016-09-22,1079,536,2.01
2016-09-23,619,998,0.62
2016-09-26,524,1100,0.48
2016-09-27,687,928,0.74
2016-09-28,1037,583,1.78
2016-09-29,126,1532,0.08
2016-09-30,1341,292,4.59
2016-10-03,1447,203,7.13
2016-10-04,941,675,1.39
2016-10-05,963,668,1.44
2016-10-06,625,1013,0.62
2016-10-07,781,841,0.93
2016-10-10,952,685,1.39
2016-10-13,352,1293,0.27
2016-10-14,1037,575,1.8
2016-10-17,675,973,0.69
2016-10-18,1216,432,2.81
2016-10-19,942,701,1.34
2016-10-20,961,682,1.41
2016-10-21,840,804,1.04
2016-10-24,936,701,1.34
2016-10-25,679,952,0.71
2016-10-26,542,1099,0.49
2016-10-27,545,1086,0.5
2016-10-28,969,651,1.49
2016-10-30,1243,341,3.65
2016-11-01,671,973,0.69
2016-11-02,316,1336,0.24
2016-11-03,466,1170,0.4
2016-11-04,223,1436,0.16
2016-11-07,1196,452,2.65
2016-11-08,690,927,0.74
2016-11-09,243,1401,0.17
2016-11-10,1307,343,3.81
2016-11-11,171,1470,0.12
2016-11-15,169,1518,0.11
2016-11-16,682,942,0.72
2016-11-17,538,1089,0.49
2016-11-18,840,759,1.11
2016-11-21,206,1462,0.14
2016-11-22,990,629,1.57
2016-11-23,1259,358,3.52
2016-11-24,846,745,1.14
2016-11-25,1382,262,5.27
2016-11-28,1053,571,1.84
2016-11-29,1030,594,1.73
2016-11-30,1134,446,2.54
2016-12-01,583,1034,0.56
2016-12-02,351,1262,0.28
2016-12-05,915,696,1.31
2016-12-06,936,683,1.37
2016-12-07,567,1041,0.54
2016-12-08,1265,348,3.64
2016-12-09,853,766,1.11
2016-12-12,526,1061,0.5
2016-12-13,786,824,0.95
2016-12-14,470,1131,0.42
2016-12-15,781,805,0.97
2016-12-16,597,992,0.6
2016-12-19,601,1020,0.59
2016-12-20,432,1186,0.36
2016-12-21,693,904,0.77
2016-12-22,291,1329,0.22
2016-12-23,738,867,0.85
2016-12-26,245,1388,0.18
2016-12-27,1175,423,2.78
2016-12-28,1007,577,1.75
2016-12-29,1080,510,2.12
2016-12-30,1154,444,2.6
2017-01-04,944,659,1.43
2017-01-09,875,752,1.16
2017-01-10,976,636,1.53
2017-01-13,696,916,0.76
2017-01-16,943,674,1.4
2017-01-17,794,836,0.95
2017-01-18,915,706,1.3
2017-01-19,840,780,1.08
2017-01-23,991,637,1.56
2017-01-25,966,651,1.48
2017-01-27,820,836,0.98
2017-01-30,651,989,0.66
2017-02-02,912,735,1.24
2017-02-03,1000,636,1.57
2017-02-07,705,953,0.74
2017-02-08,865,779,1.11
2017-02-09,801,849,0.94
2017-02-10,754,907,0.83
2017-02-14,563,1081,0.52
2017-02-15,302,1364,0.22
2017-02-16,1163,483,2.41
2017-02-17,873,761,1.15
2017-02-20,1054,589,1.79
2017-02-21,923,700,1.32
2017-02-22,546,1107,0.49
2017-02-23,666,984,0.68
2017-02-27,707,965,0.73
2017-02-28,912,732,1.25
2017-03-01,1001,652,1.54
2017-03-02,396,1266,0.31
2017-03-03,739,914,0.81
2017-03-06,906,767,1.18
2017-03-07,679,970,0.7
2017-03-08,523,1132,0.46
2017-03-09,670,975,0.69
2017-03-10,654,973,0.67
2017-03-14,1047,616,1.7
2017-03-15,890,768,1.16
2017-03-16,1157,501,2.31
2017-03-17,711,961,0.74
2017-03-20,795,863,0.92
2017-03-21,588,1072,0.55
2017-03-22,477,1192,0.4
2017-03-23,1087,567,1.92
2017-03-24,798,838,0.95
2017-03-27,683,1001,0.68
2017-03-28,909,737,1.23
2017-03-29,704,971,0.73
2017-03-30,1076,556,1.94
2017-03-31,947,702,1.35
2017-04-03,1273,421,3.02
2017-04-05,1215,494,2.46
2017-04-06,791,895,0.88
2017-04-07,652,1048,0.62
2017-04-10,998,690,1.45
2017-04-11,1032,647,1.6
2017-04-12,591,1096,0.54
2017-04-13,798,879,0.91
2017-04-17,842,864,0.97
2017-04-18,580,1121,0.52
2017-04-19,944,734,1.29
2017-04-20,1130,543,2.08
2017-04-21,832,859,0.97
2017-04-24,988,697,1.42
2017-04-25,897,787,1.14
2017-04-26,496,1203,0.41
2017-04-27,727,937,0.78
2017-04-28,794,852,0.93
2017-05-02,769,932,0.83
2017-05-03,751,944,0.8
2017-05-04,863,825,1.05
2017-05-05,412,1277,0.32
2017-05-08,1020,650,1.57
2017-05-09,918,747,1.23
2017-05-10,1025,634,1.62
2017-05-11,678,991,0.68
2017-05-12,525,1162,0.45
2017-05-15,973,693,1.4
2017-05-16,878,806,1.09
2017-05-17,703,961,0.73
2017-05-18,317,1376,0.23
2017-05-19,545,1144,0.48
2017-05-22,497,1194,0.42
2017-05-23,286,1198,0.24
2017-05-24,339,1355,0.25
2017-05-25,1241,429,2.89
2017-05-26,1251,426,2.94
2017-05-29,462,1224,0.38
2017-05-30,768,894,0.86
2017-05-31,953,718,1.33
2017-06-01,935,736,1.27
2017-06-02,997,689,1.45
2017-06-05,934,748,1.25
2017-06-06,501,1161,0.43
2017-06-07,962,691,1.39
2017-06-08,836,825,1.01
2017-06-09,865,802,1.08
2017-06-12,572,1111,0.51
2017-06-13,849,834,1.02
2017-06-14,783,885,0.88
2017-06-15,835,844,0.99
2017-06-16,889,805,1.1
2017-06-19,736,953,0.77
2017-06-20,729,954,0.76
2017-06-21,832,847,0.98
2017-06-22,623,1051,0.59
2017-06-23,348,1340,0.26
2017-06-27,386,1309,0.29
2017-06-28,842,813,1.04
2017-06-29,1103,555,1.99
2017-06-30,831,827,1.0
2017-07-03,1193,482,2.48
2017-07-04,800,867,0.92
2017-07-05,1122,576,1.95
2017-07-06,976,722,1.35
2017-07-07,857,827,1.04
2017-07-10,949,674,1.41
2017-07-11,650,1041,0.62
2017-07-12,980,705,1.39
2017-07-13,846,846,1.0
2017-07-14,592,1111,0.53
2017-07-17,829,874,0.95
2017-07-18,601,1106,0.54
2017-07-19,1121,544,2.06
2017-07-20,782,903,0.87
2017-07-21,750,920,0.82
2017-07-24,819,875,0.94
2017-07-25,748,952,0.79
2017-07-26,848,842,1.01
2017-07-27,468,1227,0.38
2017-07-28,779,891,0.87
2017-07-31,809,891,0.91
2017-08-01,644,1044,0.62
2017-08-02,658,1045,0.63
2017-08-03,435,1246,0.35
2017-08-04,831,850,0.98
2017-08-07,1041,655,1.59
2017-08-08,344,1355,0.25
2017-08-09,328,1363,0.24
2017-08-10,187,1532,0.12
2017-08-11,631,1090,0.58
2017-08-14,1379,338,4.08
2017-08-16,1148,538,2.13
2017-08-17,923,726,1.27
2017-08-18,589,1102,0.53
2017-08-21,518,1197,0.43
2017-08-22,542,1132,0.48
2017-08-23,1125,556,2.02
2017-08-24,963,728,1.32
2017-08-28,1133,547,2.07
2017-08-29,479,1215,0.39
2017-08-30,1261,399,3.16
2017-08-31,1004,679,1.48
2017-09-01,1106,566,1.95
2017-09-04,581,1126,0.52
2017-09-05,1149,529,2.17
2017-09-06,854,835,1.02
2017-09-07,951,750,1.27
2017-09-08,692,1002,0.69
2017-09-11,923,779,1.18
2017-09-12,1010,688,1.47
2017-09-13,603,1081,0.56
2017-09-14,861,817,1.05
2017-09-15,690,991,0.7
2017-09-18,1042,666,1.56
2017-09-19,844,847,1.0
2017-09-20,798,879,0.91
2017-09-21,586,1107,0.53
2017-09-22,216,1494,0.14
2017-09-25,314,1423,0.22
2017-09-26,1077,602,1.79
2017-09-27,264,1434,0.18
2017-09-28,1019,648,1.57
2017-09-29,1088,599,1.82
2017-10-03,896,801,1.12
2017-10-04,965,731,1.32
2017-10-05,935,736,1.27
2017-10-06,1175,528,2.23
2017-10-09,987,757,1.3
2017-10-10,1025,703,1.46
2017-10-11,521,1188,0.44
2017-10-12,1142,567,2.01
2017-10-13,787,930,0.85
2017-10-16,814,920,0.88
2017-10-17,844,840,1.0
2017-10-18,762,952,0.8
2017-10-19,902,724,1.25
2017-10-23,830,923,0.9
2017-10-24,969,762,1.27
2017-10-25,720,1000,0.72
2017-10-26,922,801,1.15
2017-10-27,906,835,1.09
2017-10-30,1150,603,1.91
2017-10-31,883,851,1.04
2017-11-01,964,794,1.21
2017-11-02,855,888,0.96
2017-11-03,910,821,1.11
2017-11-06,854,886,0.96
2017-11-07,452,1288,0.35
2017-11-08,567,1167,0.49
2017-11-09,976,748,1.3
2017-11-10,711,998,0.71
2017-11-13,646,1094,0.59
2017-11-14,702,1035,0.68
2017-11-15,375,1394,0.27
2017-11-16,1147,581,1.97
2017-11-17,1109,632,1.75
2017-11-20,1103,650,1.7
2017-11-21,970,767,1.26
2017-11-22,805,947,0.85
2017-11-23,924,805,1.15
2017-11-24,1034,731,1.41
2017-11-27,1021,727,1.4
2017-11-28,857,895,0.96
2017-11-29,807,939,0.86
2017-11-30,696,1032,0.67
2017-12-01,606,1151,0.53
2017-12-04,684,1079,0.63
2017-12-05,682,1072,0.64
2017-12-06,560,1190,0.47
2017-12-07,1273,473,2.69
2017-12-08,1069,692,1.54
2017-12-11,923,847,1.09
2017-12-12,558,1206,0.46
2017-12-13,516,1242,0.42
2017-12-14,647,1106,0.58
2017-12-15,1170,576,2.03
2017-12-18,924,827,1.12
2017-12-19,1338,421,3.18
2017-12-20,1064,687,1.55
2017-12-21,1118,645,1.73
2017-12-22,1032,735,1.4
2017-12-26,1045,750,1.39
2017-12-27,710,1080,0.66
2017-12-28,911,856,1.06
2017-12-29,1021,784,1.3
2018-01-01,988,835,1.18
2018-01-02,67,1164,0.06
2018-01-03,1182,605,1.95
2018-01-04,1158,641,1.81
2018-01-05,1053,757,1.39
2018-01-08,1107,729,1.52
2018-01-09,761,1053,0.72
2018-01-10,722,1071,0.67
2018-01-11,976,813,1.2
2018-01-12,761,1047,0.73
2018-01-15,905,898,1.01
2018-01-16,340,1491,0.23
2018-01-17,890,908,0.98
2018-01-18,331,1502,0.22
2018-01-19,910,886,1.03
2018-01-22,983,799,1.23
2018-01-23,865,928,0.93
2018-01-24,542,1249,0.43
2018-01-25,610,1188,0.51
2018-01-29,548,1267,0.43
2018-01-30,418,1387,0.3
2018-01-31,635,1165,0.55
2018-02-01,821,982,0.84
2018-02-02,135,1716,0.08
2018-02-05,684,1160,0.59
2018-02-06,303,1540,0.2
2018-02-07,1387,402,3.45
2018-02-08,1497,301,4.97
2018-02-09,849,933,0.91
2018-02-12,1429,383,3.73
2018-02-14,848,959,0.88
2018-02-15,483,1313,0.37
2018-02-16,353,1431,0.25
2018-02-19,392,1415,0.28
2018-02-20,792,965,0.82
2018-02-21,673,1097,0.61
2018-02-22,577,1184,0.49
2018-02-23,1361,435,3.13
2018-02-26,1075,738,1.46
2018-02-27,620,1177,0.53
2018-02-28,692,1086,0.64
2018-03-01,690,1072,0.64
2018-03-05,404,1415,0.29
2018-03-06,359,1437,0.25
2018-03-07,264,1562,0.17
2018-03-08,835,959,0.87
2018-03-09,689,1101,0.63
2018-03-12,984,832,1.18
2018-03-13,1215,579,2.1
2018-03-14,868,896,0.97
2018-03-15,1100,674,1.63
2018-03-16,534,1263,0.42
2018-03-19,285,1546,0.18
2018-03-20,691,1124,0.61
2018-03-21,868,904,0.96
2018-03-22,425,1391,0.31
2018-03-23,343,1482,0.23
2018-03-26,852,997,0.85
2018-03-27,1317,477,2.76
2018-03-28,588,1235,0.48
2018-04-02,1493,312,4.79
2018-04-03,1351,446,3.03
2018-04-04,736,1064,0.69
2018-04-05,1528,290,5.27
2018-04-06,1099,699,1.57
2018-04-09,1092,715,1.53
2018-04-10,851,952,0.89
2018-04-11,732,1058,0.69
2018-04-12,741,1042,0.71
2018-04-13,881,926,0.95
2018-04-16,865,954,0.91
2018-04-17,963,841,1.15
2018-04-18,667,1109,0.6
2018-04-19,999,805,1.24
2018-04-20,745,1048,0.71
2018-04-23,922,884,1.04
2018-04-24,789,1020,0.77
2018-04-25,558,1252,0.45
2018-04-26,796,982,0.81
2018-04-27,981,815,1.2
2018-04-30,966,840,1.15
2018-05-02,533,1291,0.41
2018-05-03,467,1334,0.35
2018-05-04,697,1101,0.63
2018-05-07,970,834,1.16
2018-05-08,770,1014,0.76
2018-05-09,753,1019,0.74
2018-05-10,452,1343,0.34
2018-05-11,709,1083,0.65
2018-05-14,523,1283,0.41
2018-05-15,594,1200,0.5
2018-05-16,646,1143,0.57
2018-05-17,932,860,1.08
2018-05-18,467,1335,0.35
2018-05-21,355,1469,0.24
2018-05-22,1029,766,1.34
2018-05-23,698,1117,0.62
2018-05-24,818,970,0.84
2018-05-25,1175,622,1.89
2018-05-28,1295,508,2.55
2018-05-29,832,967,0.86
2018-05-30,760,1043,0.73
2018-05-31,646,1146,0.56
2018-06-01,439,1382,0.32
2018-06-04,292,1530,0.19
2018-06-05,308,1533,0.2
2018-06-06,1221,588,2.08
2018-06-07,1439,387,3.72
2018-06-08,1015,777,1.31
2018-06-11,1048,749,1.4
2018-06-12,1038,752,1.38
2018-06-13,856,940,0.91
2018-06-14,817,955,0.86
2018-06-15,682,1099,0.62
2018-06-18,560,1238,0.45
2018-06-19,420,1381,0.3
2018-06-20,897,878,1.02
2018-06-21,470,1308,0.36
2018-06-22,824,938,0.88
2018-06-25,478,1322,0.36
2018-06-26,552,1237,0.45
2018-06-27,271,1570,0.17
2018-06-28,430,1356,0.32
2018-06-29,1348,459,2.94
2018-07-02,609,1196,0.51
2018-07-03,915,858,1.07
2018-07-04,835,942,0.89
2018-07-05,688,1110,0.62
2018-07-06,1039,749,1.39
2018-07-09,1265,528,2.4
2018-07-10,1243,542,2.29
2018-07-11,670,1140,0.59
2018-07-12,760,1031,0.74
2018-07-13,459,1344,0.34
2018-07-16,295,1527,0.19
2018-07-17,1056,761,1.39
2018-07-18,499,1299,0.38
2018-07-19,497,1309,0.38
2018-07-20,811,975,0.83
2018-07-23,1093,681,1.6
2018-07-24,1456,355,4.1
2018-07-25,985,816,1.21
2018-07-26,910,879,1.04
2018-07-27,1175,610,1.93
2018-07-30,1170,640,1.83
2018-07-31,1007,776,1.3
2018-08-01,949,820,1.16
2018-08-02,869,963,0.9
2018-08-03,1284,548,2.34
2018-08-06,1056,793,1.33
2018-08-07,792,1021,0.78
2018-08-08,880,895,0.98
2018-08-09,924,882,1.05
2018-08-10,622,1183,0.53
2018-08-13,571,1252,0.46
2018-08-14,892,902,0.99
2018-08-16,706,1102,0.64
2018-08-17,1113,667,1.67
2018-08-20,1007,816,1.23
2018-08-21,893,928,0.96
2018-08-23,797,1010,0.79
2018-08-24,717,1091,0.66
2018-08-27,987,829,1.19
2018-08-28,750,1050,0.71
2018-08-29,845,953,0.89
2018-08-30,963,846,1.14
2018-08-31,949,854,1.11
2018-09-03,885,966,0.92
2018-09-04,412,1424,0.29
2018-09-05,601,1228,0.49
2018-09-06,1088,710,1.53
2018-09-07,1060,743,1.43
2018-09-10,600,1230,0.49
2018-09-11,459,1382,0.33
2018-09-12,722,1083,0.67
2018-09-14,1276,540,2.36
2018-09-17,810,1020,0.79
2018-09-18,498,1326,0.38
2018-09-19,589,1223,0.48
2018-09-21,311,1600,0.19
2018-09-24,285,1619,0.18
2018-09-25,664,1186,0.56
2018-09-26,890,943,0.94
2018-09-27,471,1374,0.34
2018-09-28,268,1621,0.17
2018-10-01,712,1144,0.62
2018-10-03,1092,783,1.39
2018-10-04,467,1388,0.34
2018-10-05,413,1441,0.29
2018-10-08,501,1371,0.37
2018-10-09,679,1166,0.58
2018-10-10,1538,316,4.87
2018-10-11,523,1301,0.4
2018-10-12,1538,313,4.91
2018-10-15,1251,582,2.15
2018-10-16,1333,491,2.71
2018-10-17,406,1425,0.28
2018-10-19,513,1302,0.39
2018-10-22,492,1351,0.36
2018-10-23,492,1335,0.37
2018-10-24,994,819,1.21
2018-10-25,563,1234,0.46
2018-10-26,787,1006,0.78
2018-10-29,1339,431,3.11
2018-10-30,1088,702,1.55
2018-10-31,1196,607,1.97
2018-11-01,1182,607,1.95
2018-11-02,1168,652,1.79
2018-11-05,869,913,0.95
2018-11-06,890,884,1.01
2018-11-07,1406,279,5.04
2018-11-09,943,847,1.11
2018-11-12,669,1144,0.58
2018-11-13,904,899,1.01
2018-11-14,788,1002,0.79
2018-11-15,797,1013,0.79
2018-11-16,746,1042,0.72
2018-11-19,933,847,1.1
2018-11-20,490,1327,0.37
2018-11-21,898,875,1.03
2018-11-22,695,1079,0.64
2018-11-26,708,1086,0.65
2018-11-27,854,920,0.93
2018-11-28,618,1168,0.53
2018-11-29,889,906,0.98
2018-11-30,928,869,1.07
2018-12-03,972,848,1.15
2018-12-04,815,972,0.84
2018-12-05,473,1311,0.36
2018-12-06,385,1405,0.27
2018-12-07,769,999,0.77
2018-12-10,338,1455,0.23
2018-12-11,1230,519,2.37
2018-12-12,1474,311,4.74
2018-12-13,1085,674,1.61
2018-12-14,836,938,0.89
2018-12-17,1023,759,1.35
2018-12-18,998,780,1.28
2018-12-19,1196,584,2.05
2018-12-20,842,949,0.89
2018-12-21,535,1248,0.43
2018-12-24,543,1542,0.35
2018-12-26,749,1012,0.74
2018-12-27,961,804,1.2
2018-12-28,1133,646,1.75
2018-12-31,1078,728,1.48
2019-01-01,997,732,1.36
2019-01-02,545,1212,0.45
2019-01-03,569,1199,0.47
2019-01-04,883,893,0.99
2019-01-07,921,897,1.03
2019-01-08,871,913,0.95
2019-01-09,721,1061,0.68
2019-01-10,880,886,0.99
2019-01-11,737,1017,0.72
2019-01-14,653,1137,0.57
2019-01-15,1137,629,1.81
2019-01-16,882,865,1.02
2019-01-17,669,1099,0.61
2019-01-18,522,1230,0.42
2019-01-21,553,1238,0.45
2019-01-22,538,1244,0.43
2019-01-23,677,1073,0.63
2019-01-24,591,1178,0.5
2019-01-25,443,1356,0.33
2019-01-28,352,1481,0.24
2019-01-29,806,985,0.82
2019-01-30,984,811,1.21
2019-01-31,1024,760,1.35
2019-02-01,819,962,0.85
2019-02-04,460,1387,0.33
2019-02-05,555,1274,0.44
2019-02-06,743,1047,0.71
2019-02-07,1037,760,1.36
2019-02-08,600,1211,0.5
2019-02-11,547,1299,0.42
2019-02-12,717,1077,0.67
2019-02-13,685,1116,0.61
2019-02-14,854,952,0.9
2019-02-15,642,1158,0.55
2019-02-18,583,1216,0.48
2019-02-19,1024,753,1.36
2019-02-20,1119,676,1.66
2019-02-21,1218,571,2.13
2019-02-22,1226,589,2.08
2019-02-25,1111,691,1.61
2019-02-26,610,1188,0.51
2019-02-27,849,955,0.89
2019-02-28,1076,697,1.54
2019-03-01,1432,380,3.77
2019-03-05,1540,336,4.58
2019-03-06,1246,617,2.02
2019-03-07,871,940,0.93
2019-03-08,800,1006,0.8
2019-03-11,1312,524,2.5
2019-03-12,1193,645,1.85
2019-03-13,657,1184,0.55
2019-03-14,775,1056,0.73
2019-03-15,770,1069,0.72
2019-03-18,777,1073,0.72
2019-03-19,963,882,1.09
2019-03-20,691,1160,0.6
2019-03-22,644,1192,0.54
2019-03-25,468,1403,0.33
2019-03-26,1039,809,1.28
2019-03-27,857,988,0.87
2019-03-28,1174,642,1.83
2019-03-29,1042,792,1.32
2019-04-01,1303,557,2.34
2019-04-02,835,948,0.88
2019-04-03,620,1219,0.51
2019-04-04,696,1109,0.63
2019-04-05,1148,641,1.79
2019-04-08,700,1110,0.63
2019-04-09,800,995,0.8
2019-04-10,771,1013,0.76
2019-04-11,811,976,0.83
2019-04-12,982,804,1.22
2019-04-15,1033,767,1.35
2019-04-16,896,891,1.01
2019-04-18,543,1288,0.42
2019-04-22,418,1418,0.29
2019-04-23,738,1080,0.68
2019-04-24,991,797,1.24
2019-04-25,758,1036,0.73
2019-04-26,736,1053,0.7
2019-04-30,482,1404,0.34
2019-05-02,719,1110,0.65
2019-05-03,713,1099,0.65
2019-05-06,574,1237,0.46
2019-05-07,544,1260,0.43
2019-05-08,441,1370,0.32
2019-05-09,753,1044,0.72
2019-05-10,861,899,0.96
2019-05-13,350,1492,0.23
2019-05-14,859,963,0.89
2019-05-15,657,1159,0.57
2019-05-16,846,959,0.88
2019-05-17,1022,774,1.32
2019-05-20,1516,334,4.54
2019-05-21,605,1198,0.51
2019-05-22,983,818,1.2
2019-05-23,800,990,0.81
2019-05-24,1449,362,4.0
2019-05-27,1367,485,2.82
2019-05-28,976,827,1.18
2019-05-29,680,1120,0.61
2019-05-30,866,932,0.93
2019-05-31,641,1195,0.54
2019-06-03,892,935,0.95
2019-06-04,781,1060,0.74
2019-06-06,469,1382,0.34
2019-06-07,710,1125,0.63
2019-06-10,701,1143,0.61
2019-06-11,815,1020,0.8
2019-06-12,694,1124,0.62
2019-06-13,590,1226,0.48
2019-06-14,520,1289,0.4
2019-06-17,413,1444,0.29
2019-06-18,649,1193,0.54
2019-06-19,462,1390,0.33
2019-06-20,1132,701,1.61
2019-06-21,899,920,0.98
2019-06-24,761,1058,0.72
2019-06-25,966,830,1.16
2019-06-26,1083,705,1.54
2019-06-27,1062,737,1.44
2019-06-28,822,974,0.84
2019-07-01,909,908,1.0
2019-07-02,836,951,0.88
2019-07-03,958,813,1.18
2019-07-04,920,863,1.07
2019-07-05,468,1317,0.36
2019-07-08,351,1488,0.24
2019-07-09,882,919,0.96
2019-07-10,593,1192,0.5
2019-07-11,931,841,1.11
2019-07-12,898,895,1.0
2019-07-15,605,1241,0.49
2019-07-16,871,952,0.91
2019-07-17,876,931,0.94
2019-07-18,438,1372,0.32
2019-07-19,403,1449,0.28
2019-07-22,541,1283,0.42
2019-07-23,925,913,1.01
2019-07-24,566,1260,0.45
2019-07-25,809,1021,0.79
2019-07-26,994,816,1.22
2019-07-29,488,1341,0.36
2019-07-30,346,1514,0.23
2019-07-31,853,988,0.86
2019-08-01,531,1291,0.41
2019-08-02,793,1013,0.78
2019-08-05,497,1354,0.37
2019-08-06,1329,498,2.67
2019-08-07,854,974,0.88
2019-08-08,1057,742,1.42
2019-08-09,1170,633,1.85
2019-08-13,546,1277,0.43
2019-08-14,988,817,1.21
2019-08-16,870,944,0.92
2019-08-19,955,889,1.07
2019-08-20,641,1185,0.54
2019-08-21,452,1398,0.32
2019-08-22,348,1521,0.23
2019-08-23,1044,802,1.3
2019-08-26,1344,490,2.74
2019-08-27,1297,516,2.51
2019-08-28,691,1145,0.6
2019-08-29,640,1188,0.54
2019-08-30,1038,762,1.36
2019-09-03,544,1259,0.43
2019-09-04,936,852,1.1
2019-09-05,1161,640,1.81
2019-09-06,1195,618,1.93
2019-09-09,1187,639,1.86
2019-09-11,1378,484,2.85
2019-09-12,990,871,1.14
2019-09-13,1157,678,1.71
2019-09-16,985,860,1.15
2019-09-17,516,1328,0.39
2019-09-18,921,889,1.04
2019-09-19,408,1405,0.29
2019-09-20,1389,488,2.85
2019-09-23,1236,630,1.96
2019-09-24,811,1026,0.79
2019-09-25,497,1343,0.37
2019-09-26,986,836,1.18
2019-09-27,651,1181,0.55
2019-09-30,518,1369,0.38
2019-10-01,389,1472,0.26
2019-10-03,702,1133,0.62
2019-10-04,671,1178,0.57
2019-10-07,608,1245,0.49
2019-10-09,986,862,1.14
2019-10-10,644,1188,0.54
2019-10-11,879,952,0.92
2019-10-14,919,914,1.01
2019-10-15,855,955,0.9
2019-10-16,833,996,0.84
2019-10-17,1125,707,1.59
2019-10-18,1304,517,2.52
2019-10-22,912,942,0.97
2019-10-23,911,910,1.0
2019-10-24,775,1030,0.75
2019-10-25,746,1018,0.73
2019-10-27,1329,380,3.5
2019-10-29,1076,773,1.39
2019-10-30,1030,792,1.3
2019-10-31,1138,690,1.65
2019-11-01,1074,791,1.36
2019-11-04,1075,774,1.39
2019-11-05,690,1147,0.6
2019-11-06,891,940,0.95
2019-11-07,945,884,1.07
2019-11-08,684,1134,0.6
2019-11-11,882,954,0.92
2019-11-13,679,1175,0.58
2019-11-14,711,1133,0.63
2019-11-15,844,1042,0.81
2019-11-18,847,1019,0.83
2019-11-19,855,987,0.87
2019-11-20,886,967,0.92
2019-11-21,730,1099,0.66
2019-11-22,846,961,0.88
2019-11-25,1105,768,1.44
2019-11-26,753,1098,0.69
2019-11-27,932,894,1.04
2019-11-28,971,869,1.12
2019-11-29,876,934,0.94
2019-12-02,711,1134,0.63
2019-12-03,573,1264,0.45
2019-12-04,992,839,1.18
2019-12-05,791,1033,0.77
2019-12-06,527,1316,0.4
2019-12-09,735,1116,0.66
2019-12-10,500,1357,0.37
2019-12-11,696,1123,0.62
2019-12-12,1081,744,1.45
2019-12-13,1197,629,1.9
2019-12-16,831,1035,0.8
2019-12-17,1073,755,1.42
2019-12-18,856,966,0.89
2019-12-19,930,863,1.08
2019-12-20,888,938,0.95
2019-12-23,826,1020,0.81
2019-12-24,828,999,0.83
2019-12-26,987,852,1.16
2019-12-27,1137,703,1.62
2019-12-30,1089,778,1.4
2019-12-31,962,854,1.13
2020-01-01,1021,759,1.35
2020-01-02,1356,482,2.81
2020-01-03,879,973,0.9
2020-01-06,360,1502,0.24
2020-01-07,1248,578,2.16
2020-01-08,725,1109,0.65
2020-01-09,1372,475,2.89
2020-01-10,1024,811,1.26
2020-01-13,1207,665,1.82
2020-01-14,1072,755,1.42
2020-01-15,1090,742,1.47
2020-01-16,1083,750,1.44
2020-01-17,946,886,1.07
2020-01-20,626,1225,0.51
2020-01-21,787,1055,0.75
2020-01-22,737,1097,0.67
2020-01-23,1078,752,1.43
2020-01-24,1064,766,1.39
2020-01-27,761,1100,0.69
2020-01-28,619,1234,0.5
2020-01-29,994,842,1.18
2020-01-30,532,1314,0.4
2020-01-31,670,1127,0.59
2020-02-01,371,1426,0.26
2020-02-03,710,1151,0.62
2020-02-04,1262,558,2.26
2020-02-05,1032,791,1.3
2020-02-06,1063,764,1.39
2020-02-07,923,892,1.03
2020-02-10,672,1197,0.56
2020-02-11,800,1022,0.78
2020-02-12,722,1109,0.65
2020-02-13,805,1018,0.79
2020-02-14,639,1204,0.53
2020-02-17,548,1324,0.41
2020-02-18,631,1236,0.51
2020-02-19,1188,634,1.87
2020-02-20,929,906,1.03
2020-02-24,478,1382,0.35
2020-02-25,683,1153,0.59
2020-02-26,557,1289,0.43
2020-02-27,589,1240,0.48
2020-02-28,233,1654,0.14
2020-03-02,671,1178,0.57
2020-03-03,1007,829,1.21
2020-03-04,511,1384,0.37
2020-03-05,968,872,1.11
2020-03-06,378,1535,0.25
2020-03-09,260,1690,0.15
2020-03-11,785,1097,0.72
2020-03-12,141,1835,0.08
2020-03-13,952,932,1.02
2020-03-16,309,1640,0.19
2020-03-17,583,1314,0.44
2020-03-18,248,1674,0.15
2020-03-19,401,1515,0.26
2020-03-20,1156,725,1.59
2020-03-23,107,1777,0.06
2020-03-24,783,1053,0.74
2020-03-25,1070,718,1.49
2020-03-26,1268,548,2.31
2020-03-27,1028,811,1.27
2020-03-30,667,1171,0.57
2020-03-31,1341,497,2.7
2020-04-01,938,864,1.09
2020-04-03,944,877,1.08
2020-04-07,1555,337,4.61
2020-04-08,1217,627,1.94
2020-04-09,1522,322,4.73
2020-04-13,928,917,1.01
2020-04-15,1213,650,1.87
2020-04-16,1341,488,2.75
2020-04-17,1398,446,3.13
2020-04-20,1157,723,1.6
2020-04-21,503,1345,0.37
2020-04-22,960,868,1.11
2020-04-23,1193,650,1.84
2020-04-24,541,1328,0.41
2020-04-27,1085,762,1.42
2020-04-28,986,830,1.19
2020-04-29,1144,696,1.64
2020-04-30,1095,732,1.5
2020-05-04,412,1439,0.29
2020-05-05,597,1217,0.49
2020-05-06,821,981,0.84
2020-05-07,794,995,0.8
2020-05-08,724,1084,0.67
2020-05-11,859,968,0.89
2020-05-12,684,1103,0.62
2020-05-13,1331,472,2.82
2020-05-14,703,1086,0.65
2020-05-15,837,945,0.89
2020-05-18,390,1462,0.27
2020-05-19,788,982,0.8
2020-05-20,1056,707,1.49
2020-05-21,1049,721,1.45
2020-05-22,667,1103,0.6
2020-05-26,904,892,1.01
2020-05-27,1064,715,1.49
2020-05-28,1264,537,2.35
2020-05-29,1163,632,1.84
2020-06-01,1506,349,4.32
2020-06-02,1382,459,3.01
2020-06-03,1279,586,2.18
2020-06-04,943,889,1.06
2020-06-05,1588,312,5.09
2020-06-08,1301,607,2.14
2020-06-09,773,1135,0.68
2020-06-10,1155,740,1.56
2020-06-11,662,1199,0.55
2020-06-12,952,910,1.05
2020-06-15,923,973,0.95
2020-06-16,847,1036,0.82
2020-06-17,1027,838,1.23
2020-06-18,1407,455,3.09
2020-06-19,1295,584,2.22
2020-06-22,1376,561,2.45
2020-06-23,1388,512,2.71
2020-06-24,775,1121,0.69
2020-06-25,1034,850,1.22
2020-06-26,1116,770,1.45
2020-06-29,713,1210,0.59
2020-06-30,801,1080,0.74
2020-07-01,1054,864,1.22
2020-07-02,1137,748,1.52
2020-07-03,892,1002,0.89
2020-07-06,1160,771,1.5
2020-07-07,920,1004,0.92
2020-07-08,812,1107,0.73
2020-07-09,1019,858,1.19
2020-07-10,618,1268,0.49
2020-07-13,777,1134,0.69
2020-07-14,459,1427,0.32
2020-07-15,745,1137,0.66
2020-07-16,758,1115,0.68
2020-07-17,1233,625,1.97
2020-07-20,1140,784,1.45
2020-07-21,1030,848,1.21
2020-07-22,781,1116,0.7
2020-07-23,1036,820,1.26
2020-07-24,684,1190,0.57
2020-07-27,532,1370,0.39
2020-07-28,930,939,0.99
2020-07-29,996,869,1.15
2020-07-30,674,1212,0.56
2020-07-31,820,1023,0.8
2020-08-03,979,877,1.12
2020-08-04,1222,641,1.91
2020-08-05,1192,677,1.76
2020-08-06,1132,744,1.52
2020-08-07,1196,663,1.8
2020-08-10,1242,658,1.89
2020-08-11,1060,831,1.28
2020-08-12,1007,896,1.12
2020-08-13,1087,789,1.38
2020-08-14,701,1202,0.58
2020-08-17,1139,743,1.53
2020-08-18,1325,550,2.41
2020-08-19,1214,665,1.83
2020-08-20,1050,840,1.25
2020-08-21,1214,679,1.79
2020-08-24,10680,860,12.42
2020-08-25,851,1058,0.8
2020-08-26,1102,782,1.41
2020-08-27,951,934,1.02
2020-08-28,750,1147,0.65
2020-08-31,283,1661,0.17
2020-09-01,780,1081,0.72
2020-09-02,1232,649,1.9
2020-09-03,1024,847,1.21
2020-09-04,553,1342,0.41
2020-09-07,760,1126,0.67
2020-09-08,579,1288,0.45
2020-09-09,509,1373,0.37
2020-09-10,1291,566,2.28
2020-09-11,982,869,1.13
2020-09-14,1320,561,2.35
2020-09-15,1111,770,1.44
2020-09-16,966,864,1.12
2020-09-17,675,1190,0.57
2020-09-18,798,1050,0.76
2020-09-21,294,1639,0.18
2020-09-22,413,1476,0.28
2020-09-23,830,1048,0.79
2020-09-24,303,1574,0.19
2020-09-25,1525,350,4.36
2020-09-28,1447,459,3.15
2020-09-29,817,1048,0.78
2020-09-30,856,1002,0.85
2020-10-01,1120,740,1.51
2020-10-05,1041,862,1.21
2020-10-06,1106,783,1.41
2020-10-07,723,1182,0.61
2020-10-08,828,1061,0.78
2020-10-09,865,1014,0.85
2020-10-12,652,1249,0.52
2020-10-13,807,1077,0.75
2020-10-14,809,1062,0.76
2020-10-15,483,1433,0.34
2020-10-16,1139,730,1.56
2020-10-19,1077,798,1.35
2020-10-20,976,883,1.11
2020-10-21,936,927,1.01
2020-10-22,984,869,1.13
2020-10-23,1234,661,1.87
2020-10-26,621,1298,0.48
2020-10-27,865,982,0.88
2020-10-28,599,1251,0.48
2020-10-29,642,1247,0.51
2020-10-30,938,908,1.03
2020-11-02,699,1153,0.61
2020-11-03,988,864,1.14
2020-11-04,966,872,1.11
2020-11-05,1340,531,2.52
2020-11-06,1132,719,1.57
2020-11-09,1121,767,1.46
2020-11-10,827,1053,0.79
2020-11-11,989,866,1.14
2020-11-12,1118,762,1.47
2020-11-13,1134,730,1.55
2020-11-14,1427,357,4.0
2020-11-17,1058,853,1.24
2020-11-18,1078,812,1.33
2020-11-19,829,1057,0.78
2020-11-20,1099,770,1.43
2020-11-23,1125,793,1.42
2020-11-24,1097,806,1.36
2020-11-25,651,1253,0.52
2020-11-26,1255,622,2.02
2020-11-27,1212,686,1.77
2020-12-01,1294,651,1.99
2020-12-02,1096,796,1.38
2020-12-03,1393,568,2.45
2020-12-04,1088,846,1.29
2020-12-07,1412,532,2.65
2020-12-08,941,1017,0.93
2020-12-09,1152,809,1.42
2020-12-10,732,1214,0.6
2020-12-11,1125,817,1.38
2020-12-14,1253,697,1.8
2020-12-15,946,1012,0.93
2020-12-16,1216,747,1.63
2020-12-17,870,1094,0.8
2020-12-18,751,1196,0.63
2020-12-21,259,1729,0.15
2020-12-22,1031,900,1.15
2020-12-23,1631,322,5.07
2020-12-24,1116,825,1.35
2020-12-28,1381,576,2.4
2020-12-29,944,1008,0.94
2020-12-30,1020,889,1.15
2020-12-31,1113,797,1.4
2021-01-01,1317,591,2.23
2021-01-04,1375,604,2.28
2021-01-05,1116,867,1.29
2021-01-06,859,1121,0.77
2021-01-07,1210,737,1.64
2021-01-08,1074,887,1.21
2021-01-11,778,1210,0.64
2021-01-12,1037,917,1.13
2021-01-13,667,1309,0.51
2021-01-14,912,1022,0.89
2021-01-15,518,1432,0.36
2021-01-18,420,1579,0.27
2021-01-19,1431,517,2.77
2021-01-20,997,937,1.06
2021-01-21,601,1369,0.44
2021-01-22,477,1472,0.32
2021-01-25,501,1457,0.34
2021-01-27,614,1313,0.47
2021-01-28,938,975,0.96
2021-01-29,868,1044,0.83
2021-02-01,1348,607,2.22
2021-02-02,1235,715,1.73
2021-02-03,1189,728,1.63
2021-02-04,1212,705,1.72
2021-02-05,764,1155,0.66
2021-02-08,1106,793,1.39
2021-02-09,800,1150,0.7
2021-02-10,879,1048,0.84
2021-02-11,1106,833,1.33
2021-02-12,854,1059,0.81
2021-02-15,862,1116,0.77
2021-02-16,822,1115,0.74
2021-02-17,914,1010,0.9
2021-02-18,1064,862,1.23
2021-02-19,646,1286,0.5
2021-02-22,569,1395,0.41
2021-02-23,1156,755,1.53
2021-02-24,1200,632,1.9
2021-02-25,1258,677,1.86
2021-02-26,580,1368,0.42
2021-03-01,1297,700,1.85
2021-03-02,1189,729,1.63
2021-03-03,1206,734,1.64
2021-03-04,1047,896,1.17
2021-03-05,537,1423,0.38
2021-03-08,1038,927,1.12
2021-03-09,744,1208,0.62
2021-03-10,1080,851,1.27
2021-03-12,786,1174,0.67
2021-03-15,691,1316,0.53
2021-03-16,913,1022,0.89
2021-03-17,382,1582,0.24
2021-03-18,425,1529,0.28
2021-03-19,1017,915,1.11
2021-03-22,1062,930,1.14
2021-03-23,1157,778,1.49
2021-03-24,441,1492,0.3
2021-03-25,359,1615,0.22
2021-03-26,1157,769,1.5
2021-03-30,1049,917,1.14
2021-03-31,925,1008,0.92
2021-04-01,1594,355,4.49
2021-04-05,623,1374,0.45
2021-04-06,1158,774,1.5
2021-04-07,1277,647,1.97
2021-04-08,1242,707,1.76
2021-04-09,1071,844,1.27
2021-04-12,229,1781,0.13
2021-04-13,1407,519,2.71
2021-04-15,754,1166,0.65
2021-04-16,1133,763,1.48
2021-04-19,380,1598,0.24
2021-04-20,1073,828,1.3
2021-04-22,1136,782,1.45
2021-04-23,1028,864,1.19
2021-04-26,1281,664,1.93
2021-04-27,1325,570,2.32
2021-04-28,1204,716,1.68
2021-04-29,867,1042,0.83
2021-04-30,799,1087,0.74
2021-05-03,1162,788,1.47
2021-05-04,778,1134,0.69
2021-05-05,1187,707,1.68
2021-05-06,1056,850,1.24
2021-05-07,1097,834,1.32
2021-05-10,1353,643,2.1
2021-05-11,1182,772,1.53
2021-05-12,887,1089,0.81
2021-05-14,761,1220,0.62
2021-05-17,1340,650,2.06
2021-05-18,1201,756,1.59
2021-05-19,1107,857,1.29
2021-05-20,942,1010,0.93
2021-05-21,1202,751,1.6
2021-05-24,1202,796,1.51
2021-05-25,1030,950,1.08
2021-05-26,1244,737,1.69
2021-05-27,1037,922,1.12
2021-05-28,774,1207,0.64
2021-05-31,1102,914,1.21
2021-06-01,730,1247,0.59
2021-06-02,1375,587,2.34
2021-06-03,1360,625,2.18
2021-06-04,1116,859,1.3
2021-06-07,1418,637,2.23
2021-06-08,1059,915,1.16
2021-06-09,708,1282,0.55
2021-06-10,1543,473,3.26
2021-06-11,1043,959,1.09
2021-06-14,899,1138,0.79
2021-06-15,1188,810,1.47
2021-06-16,726,1291,0.56
2021-06-17,687,1324,0.52
2021-06-18,565,1436,0.39
2021-06-21,1255,770,1.63
2021-06-22,1212,792,1.53
2021-06-23,782,1194,0.65
2021-06-24,783,1186,0.66
2021-06-25,1070,902,1.19
2021-06-28,1069,940,1.14
2021-06-29,903,1084,0.83
2021-06-30,965,1017,0.95
2021-07-01,966,1011,0.96
2021-07-02,1165,804,1.45
2021-07-05,1338,696,1.92
2021-07-06,865,1124,0.77
2021-07-07,1065,924,1.15
2021-07-08,750,1213,0.62
2021-07-09,1088,869,1.25
2021-07-12,1181,842,1.4
2021-07-13,1063,921,1.15
2021-07-14,1029,957,1.08
2021-07-15,927,1067,0.87
2021-07-16,1007,975,1.03
2021-07-19,915,1114,0.82
2021-07-20,479,1511,0.32
2021-07-22,1369,638,2.15
2021-07-23,875,1120,0.78
2021-07-26,969,1062,0.91
2021-07-27,855,1153,0.74
2021-07-28,746,1223,0.61
2021-07-29,1202,793,1.52
2021-07-30,1059,906,1.17
2021-08-02,1329,709,1.87
2021-08-03,1014,990,1.02
2021-08-04,609,1406,0.43
2021-08-05,661,1347,0.49
2021-08-06,1072,911,1.18
2021-08-09,673,1363,0.49
2021-08-10,350,1673,0.21
2021-08-11,652,1352,0.48
2021-08-12,1598,410,3.9
2021-08-13,938,1052,0.89
2021-08-16,654,1355,0.48
2021-08-17,676,1319,0.51
2021-08-18,687,1322,0.52
2021-08-20,392,1633,0.24
2021-08-23,444,1619,0.27
2021-08-24,1502,487,3.08
2021-08-25,1257,719,1.75
2021-08-26,1003,988,1.02
2021-08-27,1212,778,1.56
2021-08-30,1420,611,2.32
2021-08-31,995,999,1.0
2021-09-01,941,1058,0.89
2021-09-02,1304,678,1.92
2021-09-03,1020,955,1.07
2021-09-06,1015,1006,1.01
2021-09-07,682,1299,0.53
2021-09-08,1061,916,1.16
2021-09-09,1086,897,1.21
2021-09-13,1053,977,1.08
2021-09-14,1199,819,1.46
2021-09-15,1278,741,1.72
2021-09-16,950,1057,0.9
2021-09-17,569,1431,0.4
2021-09-20,448,1618,0.28
2021-09-21,971,1036,0.94
2021-09-22,1353,654,2.07
2021-09-23,1240,779,1.59
2021-09-24,736,1298,0.57
2021-09-27,912,1123,0.81
2021-09-28,776,1250,0.62
2021-09-29,1143,865,1.32
2021-09-30,1034,999,1.04
2021-10-01,1051,962,1.09
2021-10-04,1506,545,2.76
2021-10-05,1227,807,1.52
2021-10-06,721,1326,0.54
2021-10-07,1425,608,2.34
2021-10-08,1089,960,1.13
2021-10-11,1118,963,1.16
2021-10-12,1034,1019,1.01
2021-10-13,1062,987,1.08
2021-10-14,1017,1044,0.97
2021-10-18,1059,1040,1.02
2021-10-19,459,1617,0.28
2021-10-20,415,1636,0.25
2021-10-21,920,1116,0.82
2021-10-22,715,1311,0.55
2021-10-25,538,1531,0.35
2021-10-26,1530,514,2.98
2021-10-27,1039,991,1.05
2021-10-28,433,1628,0.27
2021-10-29,802,1209,0.66
2021-11-01,1398,646,2.16
2021-11-02,1300,734,1.77
2021-11-03,882,1140,0.77
2021-11-04,1698,266,6.38
2021-11-08,1120,964,1.16
2021-11-09,1197,828,1.45
2021-11-10,986,1043,0.95
2021-11-11,794,1268,0.63
2021-11-12,975,1056,0.92
2021-11-15,721,1379,0.52
2021-11-16,934,1124,0.83
2021-11-17,792,1259,0.63
2021-11-18,474,1594,0.3
2021-11-22,349,1758,0.2
2021-11-23,1548,495,3.13
2021-11-24,1175,866,1.36
2021-11-25,1273,763,1.67
2021-11-26,428,1657,0.26
2021-11-29,441,1656,0.27
2021-11-30,1164,893,1.3
2021-12-01,1206,850,1.42
2021-12-02,1439,627,2.3
2021-12-03,1088,974,1.12
2021-12-06,640,1439,0.44
2021-12-07,1544,511,3.02
2021-12-08,1550,534,2.9
2021-12-09,1277,780,1.64
2021-12-10,1282,783,1.64
2021-12-13,1035,1083,0.96
2021-12-14,995,1101,0.9
2021-12-15,844,1229,0.69
2021-12-16,709,1354,0.52
2021-12-17,437,1731,0.25
2021-12-20,245,1893,0.13
2021-12-21,1480,610,2.43
2021-12-22,1572,513,3.06
2021-12-23,1363,720,1.89
2021-12-24,731,1347,0.54
2021-12-27,1204,919,1.31
2021-12-28,1612,472,3.42
2021-12-29,1143,963,1.19
2021-12-30,963,1142,0.84
2021-12-31,1522,595,2.56
2022-01-03,1619,544,2.98
2022-01-04,1115,1013,1.1
2022-01-05,1093,1041,1.05
2022-01-06,1069,1040,1.03
2022-01-07,1180,935,1.26
2022-01-10,1538,628,2.45
2022-01-11,1036,1111,0.93
2022-01-12,1148,975,1.18
2022-01-13,1110,989,1.12
2022-01-14,1239,848,1.46
2022-01-17,1296,864,1.5
2022-01-18,511,1626,0.31
2022-01-19,898,1216,0.74
2022-01-20,1042,1066,0.98
2022-01-21,461,1672,0.28
2022-01-24,187,2008,0.09
2022-01-25,1363,769,1.77
2022-01-27,859,1276,0.67
2022-01-28,1296,815,1.59
2022-01-31,1212,947,1.28
2022-02-01,1165,946,1.23
2022-02-02,1558,569,2.74
2022-02-03,982,1141,0.86
2022-02-04,834,1265,0.66
2022-02-07,723,1425,0.51
2022-02-08,580,1546,0.38
2022-02-09,1181,946,1.25
2022-02-10,1056,1042,1.01
2022-02-11,479,1628,0.29
2022-02-14,264,1906,0.14
2022-02-15,1467,662,2.22
2022-02-16,1277,830,1.54
2022-02-17,749,1367,0.55
2022-02-18,629,1492,0.42
2022-02-21,323,1842,0.18
2022-02-22,387,1771,0.22
2022-02-23,1471,648,2.27
2022-02-24,159,2027,0.08
2022-02-25,1788,337,5.31
2022-02-28,1353,773,1.75
2022-03-02,1027,1115,0.92
2022-03-03,1158,948,1.22
2022-03-04,561,1565,0.36
2022-03-07,429,1757,0.24
2022-03-08,1498,614,2.44
2022-03-09,1748,379,4.61
2022-03-10,1512,619,2.44
2022-03-11,1297,811,1.6
2022-03-14,975,1161,0.84
2022-03-15,607,1516,0.4
2022-03-16,1510,600,2.52
2022-03-17,1357,765,1.77
2022-03-21,893,1258,0.71
2022-03-22,978,1151,0.85
2022-03-23,849,1250,0.68
2022-03-24,868,1254,0.69
2022-03-25,712,1410,0.5
2022-03-28,672,1507,0.45
2022-03-29,921,1237,0.74
2022-03-30,1376,751,1.83
2022-03-31,931,1188,0.78
2022-04-01,1785,356,5.01
2022-04-04,1696,464,3.66
2022-04-05,1487,655,2.27
2022-04-06,1313,834,1.57
2022-04-07,917,1229,0.75
2022-04-08,1463,688,2.13
2022-04-11,1195,993,1.2
2022-04-12,549,1609,0.34
2022-04-13,1193,953,1.25
2022-04-18,869,1344,0.65
2022-04-19,668,1469,0.45
2022-04-20,1075,1084,0.99
2022-04-21,1495,614,2.43
2022-04-22,789,1343,0.59
2022-04-25,441,1738,0.25
2022-04-26,1281,865,1.48
2022-04-27,596,1546,0.39
2022-04-28,1023,1106,0.92
2022-04-29,702,1421,0.49
2022-05-02,698,1465,0.48
2022-05-04,364,1815,0.2
2022-05-05,920,1221,0.75
2022-05-06,401,1754,0.23
2022-05-09,515,1645,0.37
2022-05-10,441,1722,0.26
2022-05-11,423,1729,0.24
2022-05-12,408,1779,0.23
2022-05-13,1420,709,2.0
2022-05-16,1406,746,1.88
2022-05-17,1828,322,5.68
2022-05-18,1164,976,1.19
2022-05-19,399,1760,0.23
2022-05-20,1763,372,4.74
2022-05-23,849,1325,0.64
2022-05-24,573,1574,0.36
2022-05-25,352,1799,0.2
2022-05-26,1171,974,1.2
2022-05-27,1528,627,2.44
2022-05-30,1606,559,2.87
2022-05-31,1129,991,1.14
2022-06-01,1111,1008,1.1
2022-06-02,1303,814,1.6
2022-06-03,734,1409,0.52
2022-06-06,814,1333,0.61
2022-06-07,694,1432,0.48
2022-06-08,900,1232,0.73
2022-06-09,1098,1008,1.09
2022-06-10,665,1462,0.45
2022-06-13,244,1942,0.13
2022-06-14,882,1220,0.72
2022-06-15,1145,961,1.19
2022-06-16,292,1874,0.16
2022-06-17,637,1500,0.42
2022-06-20,383,1816,0.21
2022-06-21,1792,387,4.63
2022-06-22,629,1515,0.42
2022-06-23,1437,667,2.15
2022-06-24,1678,452,3.73
2022-06-27,1591,550,2.89
2022-06-28,1131,986,1.15
2022-06-29,848,1257,0.67
2022-06-30,755,1357,0.56
2022-07-01,1111,999,1.11
2022-07-04,1345,803,1.67
2022-07-05,1063,1037,1.03
2022-07-06,1219,902,1.35
2022-07-07,1486,631,2.35
2022-07-08,1156,948,1.22
2022-07-11,1351,778,1.74
2022-07-12,865,1243,0.7
2022-07-13,973,1141,0.85
2022-07-14,744,1360,0.55
2022-07-15,1119,986,1.13
2022-07-18,1578,565,2.79
2022-07-19,1302,834,1.56
2022-07-20,1228,899,1.37
2022-07-21,1300,824,1.58
2022-07-22,1130,988,1.14
2022-07-25,882,1290,0.68
2022-07-26,582,1543,0.38
2022-07-27,1177,943,1.25
2022-07-28,1258,879,1.43
2022-07-29,1424,714,1.99
2022-08-01,1550,630,2.46
2022-08-02,1224,913,1.34
2022-08-03,769,1359,0.57
2022-08-04,1006,1129,0.89
2022-08-05,1191,929,1.28
2022-08-08,1198,985,1.22
2022-08-10,958,1202,0.8
2022-08-11,1129,1002,1.13
2022-08-12,1119,1024,1.09
2022-08-16,1290,910,1.42
2022-08-17,1340,831,1.61
2022-08-18,1151,987,1.17
2022-08-19,742,1420,0.52
2022-08-22,646,1546,0.42
2022-08-23,1373,735,1.87
2022-08-24,1380,758,1.82
2022-08-25,1165,1001,1.16
2022-08-26,1246,914,1.36
2022-08-29,729,1483,0.49
2022-08-30,1621,554,2.93
2022-09-01,1114,1066,1.05
2022-09-02,970,1217,0.8
2022-09-05,1413,809,1.75
2022-09-06,1027,1161,0.88
2022-09-07,1243,915,1.36
2022-09-08,1350,843,1.6
2022-09-09,981,1210,0.81
2022-09-12,1365,870,1.57
2022-09-13,1126,1062,1.06
2022-09-14,907,1277,0.71
2022-09-15,930,1242,0.75
2022-09-16,364,1834,0.2
2022-09-19,950,1277,0.74
2022-09-20,1400,758,1.85
2022-09-21,654,1518,0.43
2022-09-22,1070,1110,0.96
2022-09-23,392,1795,0.22
2022-09-26,240,2021,0.12
2022-09-27,1160,990,1.17
2022-09-28,747,1427,0.52
2022-09-29,1193,968,1.23
2022-09-30,1553,614,2.53
2022-10-03,746,1461,0.51
2022-10-04,1772,426,4.16
2022-10-06,1561,649,2.41
2022-10-07,1179,984,1.2
2022-10-10,716,1497,0.48
2022-10-11,505,1697,0.3
2022-10-12,1020,1155,0.88
2022-10-13,715,1492,0.48
2022-10-14,1045,1096,0.95
2022-10-17,976,1254,0.78
2022-10-18,1359,805,1.69
2022-10-19,988,1189,0.83
2022-10-20,1020,1130,0.9
2022-10-21,708,1458,0.49
2022-10-24,1749,413,4.23
2022-10-25,806,1364,0.59
2022-10-27,1175,1024,1.15
2022-10-28,823,1355,0.61
2022-10-31,1227,1010,1.21
2022-11-01,1192,1005,1.19
2022-11-02,1086,1095,0.99
2022-11-03,1032,1147,0.9
2022-11-04,1230,963,1.28
2022-11-07,1305,920,1.42
2022-11-09,1042,1179,0.88
2022-11-10,640,1551,0.41
2022-11-11,1197,986,1.21
2022-11-14,1030,1222,0.84
2022-11-15,1075,1144,0.94
2022-11-16,843,1368,0.62
2022-11-17,826,1359,0.61
2022-11-18,820,1382,0.59
2022-11-21,828,1403,0.59
2022-11-22,1043,1172,0.89
2022-11-23,1202,989,1.22
2022-11-24,1272,911,1.4
2022-11-25,1373,829,1.66
2022-11-28,1312,919,1.43
2022-11-29,1019,1180,0.86
2022-11-30,1348,851,1.58
2022-12-01,1343,879,1.53
2022-12-02,1276,946,1.35
2022-12-05,1328,927,1.43
2022-12-06,896,1337,0.67
2022-12-07,866,1363,0.64
2022-12-08,1162,1047,1.11
2022-12-09,639,1595,0.4
2022-12-12,1187,1052,1.13
2022-12-13,1173,1027,1.14
2022-12-14,1261,956,1.32
2022-12-15,693,1501,0.46
2022-12-16,695,1532,0.45
2022-12-19,1339,912,1.47
2022-12-20,982,1252,0.78
2022-12-21,397,1857,0.21
2022-12-22,405,1852,0.22
2022-12-23,209,2093,0.1
2022-12-26,1924,366,5.26
2022-12-27,1715,516,3.32
2022-12-28,1273,948,1.34
2022-12-29,1128,1083,1.04
2022-12-30,1406,810,1.74
2023-01-02,1491,777,1.92
2023-01-03,1259,987,1.28
2023-01-04,650,1628,0.4
2023-01-05,1029,1203,0.86
2023-01-06,714,1528,0.47
2023-01-09,1362,910,1.5
2023-01-10,772,1478,0.52
2023-01-11,1136,1067,1.06
2023-01-12,912,1310,0.7
2023-01-13,1278,939,1.36
2023-01-16,884,1355,0.65
2023-01-17,998,1202,0.83
2023-01-18,1182,1026,1.15
2023-01-19,905,1314,0.69
2023-01-20,866,1361,0.64
2023-01-23,1013,1245,0.81
2023-01-24,867,1342,0.65
2023-01-25,522,1715,0.3
2023-01-27,390,1896,0.21
2023-01-30,888,1377,0.64
2023-01-31,1681,551,3.05
2023-02-01,668,1568,0.43
2023-02-02,1038,1194,0.87
2023-02-03,800,1455,0.55
2023-02-06,1172,1071,1.09
2023-02-07,946,1293,0.73
2023-02-08,1348,865,1.56
2023-02-09,1047,1182,0.89
2023-02-10,1100,1118,0.98
2023-02-13,634,1618,0.39
2023-02-14,756,1480,0.51
2023-02-15,1187,1014,1.17
2023-02-16,1234,983,1.26
2023-02-17,808,1407,0.57
2023-02-20,824,1421,0.58
2023-02-21,835,1389,0.6
2023-02-22,450,1788,0.25
2023-02-23,950,1256,0.76
2023-02-24,906,1345,0.67
2023-02-27,496,1804,0.27
2023-02-28,1105,1154,0.96
2023-03-01,1720,519,3.31
2023-03-02,960,1282,0.75
2023-03-03,1533,716,2.14
2023-03-06,1409,867,1.63
2023-03-08,1212,1022,1.19
2023-03-09,904,1360,0.66
2023-03-10,768,1461,0.53
2023-03-13,350,1957,0.18
2023-03-14,677,1611,0.42
2023-03-15,982,1257,0.78
2023-03-16,871,1401,0.62
2023-03-17,1360,886,1.53
2023-03-20,611,1692,0.36
2023-03-21,1311,928,1.41
2023-03-22,1332,885,1.51
2023-03-23,800,1431,0.56
2023-03-24,553,1761,0.31
2023-03-27,513,1811,0.28
2023-03-28,595,1701,0.35
2023-03-29,1592,694,2.29
2023-03-31,1632,661,2.47
2023-04-03,1783,525,3.4
2023-04-05,1726,587,2.94
2023-04-06,1531,767,2.0
2023-04-10,1227,1083,1.13
2023-04-11,1426,843,1.69
2023-04-12,1383,907,1.52
2023-04-13,1197,1049,1.14
2023-04-17,1139,1158,0.98
2023-04-18,1176,1074,1.09
2023-04-19,1053,1200,0.88
2023-04-20,1161,1079,1.08
2023-04-21,920,1343,0.69
2023-04-24,1222,1048,1.17
2023-04-25,1191,1043,1.14
2023-04-26,1258,976,1.29
2023-04-27,1381,884,1.56
2023-04-28,1478,788,1.88
2023-05-02,1395,912,1.53
2023-05-03,1098,1179,0.93
2023-05-04,1533,734,2.09
2023-05-05,816,1447,0.56
2023-05-08,1338,980,1.37
2023-05-09,989,1301,0.76
2023-05-10,1210,1053,1.15
2023-05-11,1337,894,1.5
2023-05-12,969,1277,0.76
2023-05-15,1242,1049,1.18
2023-05-16,1095,1172,0.93
2023-05-17,978,1291,0.76
2023-05-18,913,1351,0.68
2023-05-19,1002,1270,0.79
2023-05-22,1161,1174,0.99
2023-05-23,1155,1113,1.04
2023-05-24,1079,1191,0.91
2023-05-25,1180,1070,1.1
2023-05-26,1276,984,1.3
2023-05-29,1269,1052,1.21
2023-05-30,1085,1203,0.9
2023-05-31,1165,1113,1.05
2023-06-01,1386,919,1.51
2023-06-02,1473,832,1.77
2023-06-05,1350,984,1.37
2023-06-06,1234,1062,1.16
2023-06-07,1524,806,1.89
2023-06-08,783,1527,0.51
2023-06-09,1025,1283,0.8
2023-06-12,1368,963,1.42
2023-06-13,1394,936,1.49
2023-06-14,1230,1096,1.12
2023-06-15,972,1374,0.71
2023-06-16,1443,882,1.64
2023-06-19,1014,1350,0.75
2023-06-20,1301,1014,1.28
2023-06-21,1083,1231,0.88
2023-06-22,691,1629,0.42
2023-06-23,600,1716,0.35
2023-06-26,1288,1078,1.19
2023-06-27,1382,923,1.5
2023-06-28,1169,1161,1.01
2023-06-30,1309,1036,1.26
2023-07-03,1281,1065,1.2
2023-07-04,996,1318,0.76
2023-07-05,1364,921,1.48
2023-07-06,1380,905,1.52
2023-07-07,876,1419,0.62
2023-07-10,900,1454,0.62
2023-07-11,1325,964,1.37
2023-07-12,1136,1140,1.0
2023-07-13,789,1519,0.52
2023-07-14,1509,753,2.0
2023-07-17,1402,962,1.46
2023-07-18,894,1402,0.64
2023-07-19,1341,912,1.47
2023-07-20,1158,1093,1.06
2023-07-21,937,1309,0.72
2023-07-24,1090,1249,0.87
2023-07-25,1116,1186,0.94
2023-07-26,1253,1055,1.19
2023-07-27,1085,1186,0.91
2023-07-28,1169,1153,1.01
2023-07-31,1526,850,1.8
2023-08-01,1375,966,1.42
2023-08-02,621,1742,0.36
2023-08-03,1135,1185,0.96
2023-08-04,1485,852,1.74
2023-08-07,1283,1093,1.17
2023-08-08,1123,1225,0.92
2023-08-09,1284,1064,1.21
2023-08-10,971,1356,0.72
2023-08-11,912,1440,0.63
2023-08-14,870,1485,0.59
2023-08-16,1208,1137,1.06
2023-08-17,1105,1243,0.89
2023-08-18,914,1416,0.65
2023-08-21,1394,990,1.41
2023-08-22,1476,867,1.7
2023-08-23,1360,970,1.4
2023-08-24,1121,1203,0.93
2023-08-25,829,1525,0.54
2023-08-28,1317,1075,1.23
2023-08-29,1365,974,1.4
2023-08-30,1476,855,1.73
2023-08-31,1116,1211,0.92
2023-09-01,1452,927,1.57
2023-09-04,1503,916,1.64
2023-09-05,1329,1059,1.25
2023-09-06,1189,1194,1.0
2023-09-07,1411,986,1.43
2023-09-08,1228,1145,1.07
2023-09-11,1295,1125,1.15
2023-09-12,325,2087,0.16
2023-09-13,1504,881,1.71
2023-09-14,1677,700,2.4
2023-09-15,1276,1104,1.16
2023-09-18,912,1499,0.61
2023-09-20,774,1581,0.49
2023-09-21,662,1702,0.39
2023-09-22,1084,1280,0.85
2023-09-25,1136,1260,0.9
2023-09-26,1113,1275,0.87
2023-09-27,1323,1051,1.26
2023-09-28,858,1529,0.56
2023-09-29,1584,783,2.02
2023-10-03,1114,1327,0.84
2023-10-04,669,1746,0.38
2023-10-05,1497,879,1.7
2023-10-06,1543,870,1.77
2023-10-09,527,1910,0.28
2023-10-10,1795,617,2.91
2023-10-11,1599,807,1.98
2023-10-12,1403,1000,1.4
2023-10-13,1127,1257,0.9
2023-10-16,1299,1153,1.13
2023-10-17,1480,926,1.6
2023-10-18,806,1601,0.5
2023-10-19,1132,1254,0.9
2023-10-20,751,1647,0.46
2023-10-23,267,2223,0.12
2023-10-25,693,1737,0.4
2023-10-26,924,1509,0.61
2023-10-27,1918,475,4.04
2023-10-30,1283,1143,1.12
2023-10-31,1229,1169,1.05
2023-11-01,938,1478,0.63
2023-11-02,1670,753,2.22
2023-11-03,1572,850,1.85
2023-11-06,1635,807,2.03
2023-11-07,1268,1155,1.1
2023-11-08,1344,1072,1.25
2023-11-09,976,1436,0.68
2023-11-10,1263,1150,1.1
2023-11-12,1950,398,4.9
2023-11-13,924,1505,0.61
2023-11-15,1500,928,1.62
2023-11-16,1223,1216,1.01
2023-11-17,1257,1199,1.05
2023-11-20,1156,1326,0.87
2023-11-21,1315,1120,1.17
2023-11-22,1007,1455,0.69
2023-11-23,1316,1113,1.18
2023-11-24,1128,1294,0.87
2023-11-28,1241,1236,1.0
2023-11-29,1283,1171,1.1
2023-11-30,1260,1201,1.05
2023-12-01,1383,1074,1.29
2023-12-04,1623,870,1.87
2023-12-05,1144,1336,0.86
2023-12-06,1256,1211,1.04
2023-12-07,1363,1079,1.26
2023-12-08,994,1469,0.68
2023-12-11,1473,1042,1.41
2023-12-12,911,1549,0.59
2023-12-13,1344,1113,1.21
2023-12-14,1371,1112,1.23
2023-12-15,1294,1173,1.1
2023-12-18,1321,1186,1.11
2023-12-19,1175,1299,0.9
2023-12-20,311,2163,0.14
2023-12-21,1876,589,3.19
2023-12-22,1629,809,2.01
2023-12-26,1465,1018,1.44
2023-12-27,1298,1170,1.11
2023-12-28,1143,1334,0.86
2023-12-29,1292,1180,1.09
2024-01-01,1648,854,1.93
2024-01-02,1170,1322,0.89
2024-01-03,1359,1146,1.19
2024-01-04,1608,902,1.78
2024-01-05,1316,1183,1.11
2024-01-08,936,1618,0.58
2024-01-09,1412,1098,1.29
2024-01-10,1311,1192,1.1
2024-01-11,1501,988,1.52
2024-01-12,1328,1168,1.14
2024-01-15,1317,1235,1.07
2024-01-16,761,1739,0.44
2024-01-17,654,1852,0.35
2024-01-18,1159,1334,0.87
2024-01-19,1674,804,2.08
2024-01-20,1252,1218,1.03
2024-01-23,421,2126,0.2
2024-01-24,1723,756,2.28
2024-01-25,1358,1117,1.22
2024-01-29,1480,1060,1.4
2024-01-30,1206,1277,0.94
2024-01-31,1654,843,1.96
2024-02-01,1088,1423,0.76
2024-02-02,1336,1211,1.1
2024-02-05,1048,1553,0.67
2024-02-06,1568,955,1.64
2024-02-07,1436,1102,1.3
2024-02-08,991,1544,0.64
2024-02-09,798,1731,0.46
2024-02-12,472,2110,0.22
2024-02-13,1182,1332,0.89
2024-02-14,1591,895,1.78
2024-02-15,1605,908,1.77
2024-02-16,1508,1007,1.5
2024-02-19,1542,1013,1.52
2024-02-20,1171,1340,0.87
2024-02-21,810,1712,0.47
2024-02-22,1342,1149,1.17
2024-02-23,1307,1202,1.09
2024-02-26,992,1569,0.63
2024-02-27,947,1570,0.6
2024-02-28,402,2149,0.19
2024-02-29,1242,1262,0.98
2024-03-01,1652,900,1.84
2024-03-04,876,1711,0.51
2024-03-05,825,1733,0.48
2024-03-06,558,2009,0.28
2024-03-07,1571,989,1.59
2024-03-11,523,2082,0.25
2024-03-12,414,2182,0.19
2024-03-13,148,2443,0.06
2024-03-14,2022,556,3.64
2024-03-15,1112,1426,0.78
2024-03-18,1278,1280,1.0
2024-03-19,713,1857,0.38
2024-03-20,1104,1461,0.76
2024-03-21,2048,533,3.84
2024-03-22,1667,885,1.88
2024-03-26,859,1742,0.49
2024-03-27,1085,1493,0.73
2024-03-28,1348,1217,1.11
2024-04-01,2279,331,6.89
2024-04-02,1960,627,3.13
2024-04-03,1877,716,2.62
2024-04-04,1579,984,1.6
2024-04-05,1530,1031,1.48
2024-04-08,1201,1360,0.88
2024-04-09,1037,1513,0.69
2024-04-10,1334,1212,1.1
2024-04-12,867,1717,0.5
2024-04-15,475,2138,0.22
2024-04-16,1551,1002,1.55
2024-04-18,1168,1400,0.83
2024-04-19,1162,1396,0.83
2024-04-22,1838,739,2.49
2024-04-23,1572,997,1.58
2024-04-24,1564,984,1.59
2024-04-25,1389,1166,1.19
2024-04-26,1288,1270,1.01
2024-04-29,1310,1286,1.02
2024-04-30,1203,1377,0.87
2024-05-02,1302,1293,1.01
2024-05-03,894,1694,0.53
2024-05-06,770,1848,0.42
2024-05-07,597,1995,0.3
2024-05-08,1431,1118,1.28
2024-05-09,413,2156,0.19
2024-05-10,1591,965,1.65
2024-05-13,1075,1502,0.72
2024-05-14,1917,638,3.0
2024-05-15,1503,1024,1.47
2024-05-16,1459,1092,1.34
2024-05-17,1671,910,1.84
2024-05-18,1721,695,2.48
2024-05-21,1066,1566,0.68
2024-05-22,1257,1313,0.96
2024-05-23,1177,1388,0.85
2024-05-24,1020,1573,0.65
2024-05-27,1036,1592,0.65
2024-05-28,749,1827,0.41
2024-05-29,1081,1500,0.72
2024-05-30,606,1958,0.31
2024-05-31,1166,1406,0.83
2024-06-03,1661,971,1.71
2024-06-04,179,2448,0.07
2024-06-05,1913,709,2.7
2024-06-06,2174,422,5.15
2024-06-07,2139,486,4.4
2024-06-10,1729,932,1.86
2024-06-11,1645,972,1.69
2024-06-12,1758,861,2.04
2024-06-13,1594,1041,1.53
2024-06-14,1536,1085,1.42
2024-06-18,1494,1191,1.25
2024-06-19,1039,1602,0.65
2024-06-20,1676,963,1.74
2024-06-21,1166,1451,0.8
2024-06-24,1323,1319,1.0
2024-06-25,1147,1474,0.78
2024-06-26,1193,1409,0.85
2024-06-27,882,1759,0.5
2024-06-28,1436,1206,1.19
2024-07-01,1913,793,2.41
2024-07-02,1369,1296,1.06
2024-07-03,1674,993,1.69
2024-07-04,1475,1192,1.24
2024-07-05,1543,1114,1.39
2024-07-08,1079,1615,0.67
2024-07-09,1355,1314,1.03
2024-07-10,837,1837,0.46
2024-07-11,1584,1053,1.5
2024-07-12,1070,1583,0.68
2024-07-15,1420,1290,1.1
2024-07-16,1322,1327,1.0
2024-07-18,870,1813,0.48
2024-07-19,459,2213,0.21
2024-07-22,1489,1208,1.23
2024-07-23,1061,1592,0.67
2024-07-24,1934,726,2.66
2024-07-25,1288,1366,0.94
2024-07-26,1789,875,2.04
2024-07-29,1552,1145,1.36
2024-07-30,1547,1111,1.39
2024-07-31,1400,1280,1.09
2024-08-01,926,1767,0.52
2024-08-02,973,1685,0.58
2024-08-05,274,2456,0.11
2024-08-06,930,1777,0.52
2024-08-07,2159,528,4.09
2024-08-08,1108,1569,0.71
2024-08-09,1638,1039,1.58
2024-08-12,1291,1426,0.91
2024-08-13,713,1984,0.36
2024-08-14,952,1727,0.55
2024-08-16,1827,859,2.13
2024-08-19,1917,788,2.43
2024-08-20,1679,1012,1.66
2024-08-21,1736,969,1.79
2024-08-22,1672,1039,1.61
2024-08-23,1266,1421,0.89
2024-08-26,1447,1298,1.11
2024-08-27,1482,1219,1.22
2024-08-28,1124,1562,0.72
2024-08-29,869,1821,0.48
2024-08-30,1563,1119,1.4
2024-09-02,1104,1652,0.67
2024-09-03,1347,1351,1.0
2024-09-04,1230,1455,0.85
2024-09-05,1556,1141,1.36
2024-09-06,747,1969,0.38
2024-09-09,986,1751,0.56
2024-09-10,1843,867,2.13
2024-09-11,926,1787,0.52
2024-09-12,1680,1006,1.67
2024-09-13,1700,1043,1.63
2024-09-16,1374,1399,0.98
2024-09-17,1072,1674,0.64
2024-09-18,891,1876,0.47
2024-09-19,790,1961,0.4
2024-09-20,1779,959,1.86
2024-09-23,1723,1061,1.62
2024-09-24,1291,1477,0.87
2024-09-25,1131,1637,0.69
2024-09-26,1157,1606,0.72
2024-09-27,1369,1390,0.98
2024-09-30,1088,1701,0.64
2024-10-01,1596,1151,1.39
2024-10-03,587,2211,0.27
2024-10-04,959,1831,0.52
2024-10-07,334,2502,0.13
2024-10-08,2178,594,3.67
2024-10-09,1831,925,1.98
2024-10-10,1484,1257,1.18
2024-10-11,1420,1322,1.07
2024-10-14,1375,1404,0.98
2024-10-15,1322,1438,0.92
2024-10-16,1378,1390,0.99
2024-10-17,671,2065,0.32
2024-10-18,1303,1443,0.9
2024-10-21,666,2130,0.31
2024-10-22,281,2535,0.11
2024-10-23,1557,1196,1.3
2024-10-24,966,1771,0.55
2024-10-25,419,2364,0.18
2024-10-28,1866,942,1.98
2024-10-29,1664,1089,1.53
2024-10-30,2062,685,3.01
2024-10-31,1730,995,1.74
2024-11-01,2289,381,6.01
2024-11-04,669,2156,0.31
2024-11-05,1759,1012,1.74
2024-11-06,2176,626,3.48
2024-11-07,1051,1737,0.61
2024-11-08,835,1939,0.43
2024-11-11,859,1960,0.44
2024-11-12,648,2132,0.3
2024-11-13,321,2471,0.13
2024-11-14,1436,1343,1.07
2024-11-18,1045,1768,0.59
2024-11-19,1771,1016,1.74
2024-11-21,752,2048,0.37
2024-11-22,1883,892,2.11
2024-11-25,1930,883,2.19
2024-11-26,1578,1188,1.33
2024-11-27,1893,862,2.2
2024-11-28,1477,1294,1.14
2024-11-29,1752,1034,1.69
2024-12-02,1782,1047,1.7
2024-12-03,2044,760,2.69
2024-12-04,1655,1122,1.48
2024-12-05,1447,1316,1.1
2024-12-06,1671,1119,1.49
2024-12-09,1496,1324,1.13
2024-12-10,1381,1405,0.98
2024-12-11,1491,1288,1.16
2024-12-12,895,1913,0.47
2024-12-13,1191,1589,0.75
2024-12-16,1484,1332,1.11
2024-12-17,908,1872,0.49
2024-12-18,827,1960,0.42
2024-12-19,1024,1761,0.58
2024-12-20,478,2310,0.21
2024-12-23,1096,1713,0.64
2024-12-24,1396,1380,1.01
2024-12-26,1145,1649,0.69
2024-12-27,1396,1401,1.0
2024-12-30,871,1972,0.44
2024-12-31,1710,1091,1.57
2025-01-01,2042,755,2.7
2025-01-02,1791,1018,1.76
2025-01-03,1449,1360,1.07
2025-01-06,365,2513,0.15
2025-01-07,2033,769,2.64
2025-01-08,887,1910,0.46
2025-01-09,722,2066,0.35
2025-01-10,481,2334,0.21
2025-01-13,270,2581,0.1
2025-01-14,2093,712,2.94
2025-01-15,1498,1298,1.15
2025-01-16,2037,741,2.75
2025-01-17,1433,1367,1.05
2025-01-20,1782,1049,1.7
2025-01-21,633,2156,0.29
2025-01-22,721,2088,0.35
2025-01-23,1535,1253,1.23
2025-01-24,558,2251,0.25
2025-01-27,300,2571,0.12
2025-01-28,840,2005,0.42
2025-01-29,2274,532,4.27
2025-01-30,1502,1288,1.17
2025-01-31,2080,728,2.86
2025-02-01,1387,1356,1.02
2025-02-03,734,2084,0.35
2025-02-04,1920,875,2.19
2025-02-05,1943,867,2.24
2025-02-06,1287,1520,0.85
2025-02-07,971,1826,0.53
2025-02-10,559,2296,0.24
2025-02-11,277,2565,0.11
2025-02-12,1047,1759,0.6
2025-02-13,1287,1507,0.85
2025-02-14,387,2455,0.16
2025-02-17,914,1938,0.47
2025-02-18,685,2141,0.32
2025-02-19,2127,700,3.04
2025-02-20,1992,816,2.44
2025-02-21,1072,1755,0.61
2025-02-24,727,2132,0.34
2025-02-25,1081,1732,0.62
2025-02-27,534,2308,0.23
2025-02-28,397,2477,0.16
2025-03-03,837,2075,0.4
2025-03-04,1653,1199,1.38
2025-03-05,2458,410,6.0
2025-03-06,2244,645,3.48
2025-03-07,1814,1060,1.71
2025-03-10,565,2312,0.24
2025-03-11,922,1929,0.48
2025-03-12,970,1899,0.51
2025-03-13,907,1962,0.46
2025-03-17,1104,1802,0.61
2025-03-18,2240,665,3.37
2025-03-19,2332,556,4.19
2025-03-20,1763,1119,1.58
2025-03-21,2080,801,2.6
2025-03-24,1844,1075,1.72
2025-03-25,658,2258,0.29
2025-03-26,569,2336,0.24
2025-03-27,1342,1563,0.86
2025-03-28,1086,1811,0.6
2025-04-01,1915,973,1.97
2025-04-02,2123,747,2.84
2025-04-03,2032,836,2.43
2025-04-04,556,2300,0.24
2025-04-07,243,2684,0.09
2025-04-08,2369,494,4.8
2025-04-09,986,1830,0.54
2025-04-11,2373,491,4.83
2025-04-15,2535,374,6.78
2025-04-16,2062,826,2.5
2025-04-17,1851,1034,1.79
2025-04-21,2246,664,3.38
2025-04-22,1836,1058,1.74
2025-04-23,1469,1395,1.05
2025-04-24,1378,1474,0.93
2025-04-25,436,2437,0.18
2025-04-28,1467,1426,1.03
2025-04-29,1325,1517,0.87
2025-04-30,657,2199,0.3
2025-05-02,1163,1677,0.69
2025-05-05,1996,879,2.27
2025-05-06,507,2360,0.21
2025-05-07,1682,1130,1.49
2025-05-08,852,1977,0.43
2025-05-09,896,1905,0.47
2025-05-12,2591,319,8.12
2025-05-13,1898,952,1.99
2025-05-14,2143,709,3.02
2025-05-15,1970,882,2.23
2025-05-16,1949,920,2.12
2025-05-19,1812,1081,1.68
2025-05-20,842,2034,0.41
2025-05-21,1768,1076,1.64
2025-05-22,1228,1624,0.76
2025-05-23,1726,1116,1.55
2025-05-26,1733,1150,1.51
2025-05-27,1357,1497,0.91
2025-05-28,1432,1419,1.01
2025-05-29,1472,1398,1.05
2025-05-30,1267,1607,0.79
2025-06-02,1507,1406,1.07
2025-06-03,1159,1723,0.67
2025-06-04,1605,1265,1.27
2025-06-05,1683,1172,1.44
2025-06-06,1620,1260,1.29
2025-06-09,2034,908,2.24
2025-06-10,1604,1275,1.26
2025-06-11,1576,1314,1.2
2025-06-12,768,2108,0.36
2025-06-13,953,1924,0.5
2025-06-16,1475,1404,1.05
2025-06-17,933,1938,0.48
2025-06-18,1002,1856,0.54
2025-06-19,521,2363,0.22
2025-06-20,1891,979,1.93
2025-06-23,1328,1561,0.85
2025-06-24,1946,926,2.1
2025-06-25,2122,765,2.77
2025-06-26,1461,1402,1.04
2025-06-27,1599,1269,1.26
2025-06-30,1696,1230,1.38
2025-07-01,1435,1461,0.98
2025-07-02,1171,1733,0.68
2025-07-03,1416,1501,0.94
2025-07-04,1551,1348,1.15
2025-07-07,1115,1814,0.61
2025-07-08,1315,1579,0.83
2025-07-09,1404,1497,0.94
2025-07-10,1325,1571,0.84
2025-07-11,969,1915,0.51
2025-07-14,1379,1539,0.9
2025-07-15,1904,1004,1.9
2025-07-16,1637,1262,1.3
2025-07-17,1378,1540,0.89
2025-07-18,1071,1859,0.58
2025-07-21,1417,1547,0.92
2025-07-22,1213,1696,0.72
2025-07-23,1434,1506,0.95
2025-07-24,1037,1903,0.54
2025-07-25,548,2390,0.23
2025-07-28,770,2230,0.35
2025-07-29,1884,1049,1.8
2025-07-30,1492,1453,1.03
2025-07-31,1000,1937,0.52
2025-08-01,735,2201,0.33
2025-08-04,1752,1222,1.43
2025-08-05,1147,1802,0.64
2025-08-06,808,2145,0.38
2025-08-07,1311,1644,0.8
2025-08-08,971,1956,0.5
2025-08-11,1587,1397,1.14
2025-08-12,1416,1525,0.93
2025-08-13,1672,1286,1.3
2025-08-14,1132,1789,0.63
2025-08-18,1956,1064,1.84
2025-08-19,1983,962,2.06
2025-08-20,1669,1265,1.32
2025-08-21,1484,1473,1.01
2025-08-22,1123,1817,0.62
2025-08-25,1385,1612,0.86
2025-08-26,686,2291,0.3
2025-08-28,928,2027,0.46
2025-08-29,1268,1695,0.75
2025-09-01,2068,959,2.16
2025-09-02,1878,1130,1.66
2025-09-03,2002,993,2.02
2025-09-04,1149,1852,0.62
2025-09-05,1507,1468,1.03
2025-09-08,1685,1334,1.26
2025-09-09,1411,1569,0.9
2025-09-10,1769,1237,1.43
2025-09-11,1457,1537,0.95
2025-09-12,1488,1505,0.99
2025-09-15,1634,1403,1.16
2025-09-16,1929,1099,1.76
2025-09-17,1699,1343,1.27
2025-09-18,1494,1511,0.99
2025-09-19,1455,1543,0.94
2025-09-22,1123,1940,0.58
2025-09-23,1232,1770,0.7
2025-09-24,934,2072,0.45
2025-09-25,842,2155,0.39
2025-09-26,525,2491,0.21
2025-09-29,1348,1691,0.8
2025-09-30,1379,1615,0.85
2025-10-01,2141,890,2.41
2025-10-03,2051,996,2.06
2025-10-06,1340,1729,0.78
2025-10-07,1324,1705,0.78
2025-10-08,1178,1878,0.63
2025-10-09,1550,1499,1.03
2025-10-10,1838,1203,1.53
2025-10-13,1001,2057,0.49
2025-10-14,1324,2441,0.54
2025-10-15,2206,1253,1.76
2025-10-16,2030,1347,1.51
2025-10-17,1300,1964,0.66
2025-10-20,1993,1384,1.44
2025-10-21,2289,647,3.54
2025-10-23,1496,1861,0.8
2025-10-24,1579,2010,0.79
2025-10-27,1746,1609,1.09
2025-10-28,1456,1865,0.78
2025-10-29,2279,1202,1.9
2025-10-30,1440,1875,0.77
2025-10-31,1303,1935,0.67
2025-11-03,1863,1406,1.33
2025-11-04,1138,2156,0.53
2025-11-06,1005,2425,0.41
2025-11-07,1686,1605,1.05
2025-11-10,1643,1686,0.97
2025-11-11,1680,1615,1.04
2025-11-12,2067,1237,1.67
2025-11-13,1490,1847,0.81
2025-11-14,1641,1779,0.92
2025-11-17,1940,1654,1.17
2025-11-18,1103,2258,0.49
2025-11-19,1489,1801,0.83
2025-11-20,1502,1788,0.84
2025-11-21,904,2369,0.38
2025-11-24,921,2358,0.39
2025-11-25,1751,1572,1.11
2025-11-26,2522,884,2.85
2025-11-27,1663,1744,0.95
2025-11-28,1553,1672,0.93
2025-12-01,1430,1855,0.77
2025-12-02,1185,2181,0.54
2025-12-03,1107,2182,0.51
2025-12-04,1502,1838,0.82
2025-12-05,1403,1873,0.75
2025-12-08,640,2673,0.24
2025-12-09,2098,1204,1.74
2025-12-10,1508,1834,0.82
2025-12-11,2019,1235,1.63
2025-12-12,2177,1125,1.94
2025-12-15,1751,1538,1.14
2025-12-16,1131,2175,0.52
2025-12-17,1106,2200,0.5
2025-12-18,1300,1934,0.67
2025-12-19,2296,994,2.31
2025-12-22,2367,982,2.41
2025-12-23,1934,1381,1.4
2025-12-24,1416,1889,0.75
2025-12-26,1367,2033,0.67
2025-12-29,1193,2310,0.52
2025-12-30,1463,1850,0.79
2025-12-31,2447,1028,2.38
