"Index Name","Date","Open","High","Low","Close"
"NIFTY IT","31 Dec 2013","9514.55","9546.70","9467.50","9517.85"
"NIFTY IT","30 Dec 2013","9609.65","9632.15","9451.30","9499.60"
"NIFTY IT","27 Dec 2013","9460.15","9598.10","9460.15","9579.10"
"NIFTY IT","26 Dec 2013","9405.20","9451.40","9391.00","9430.10"
"NIFTY IT","24 Dec 2013","9418.35","9455.25","9372.80","9391.50"
"NIFTY IT","23 Dec 2013","9448.85","9531.95","9372.30","9385.45"
"NIFTY IT","20 Dec 2013","9368.40","9521.65","9368.40","9488.25"
"NIFTY IT","19 Dec 2013","9207.05","9401.30","9192.20","9329.00"
"NIFTY IT","18 Dec 2013","9110.80","9178.15","9110.30","9167.90"
"NIFTY IT","17 Dec 2013","9126.10","9197.35","9109.05","9119.35"
"NIFTY IT","16 Dec 2013","8975.20","9134.15","8961.85","9110.25"
"NIFTY IT","13 Dec 2013","8948.25","9025.90","8938.65","8957.60"
"NIFTY IT","12 Dec 2013","8991.45","9006.10","8950.85","8964.95"
"NIFTY IT","11 Dec 2013","9031.40","9045.45","8982.90","9028.20"
"NIFTY IT","10 Dec 2013","8867.00","9070.30","8867.00","9045.90"
"NIFTY IT","09 Dec 2013","8926.25","8930.45","8837.55","8877.10"
"NIFTY IT","06 Dec 2013","8813.80","8856.45","8810.10","8827.80"
"NIFTY IT","05 Dec 2013","8932.95","8970.95","8817.05","8834.55"
"NIFTY IT","04 Dec 2013","8868.25","8950.70","8864.45","8876.60"
"NIFTY IT","03 Dec 2013","8837.05","8906.95","8837.05","8867.80"
"NIFTY IT","02 Dec 2013","8804.90","8881.95","8804.90","8854.00"
"NIFTY IT","29 Nov 2013","8769.25","8839.75","8744.00","8820.75"
"NIFTY IT","28 Nov 2013","8729.25","8767.00","8679.10","8748.35"
"NIFTY IT","27 Nov 2013","8775.80","8791.95","8680.95","8702.40"
"NIFTY IT","26 Nov 2013","8755.05","8795.65","8712.85","8758.30"
"NIFTY IT","25 Nov 2013","8793.45","8875.35","8738.75","8783.80"
"NIFTY IT","22 Nov 2013","8784.50","8848.50","8755.20","8785.45"
"NIFTY IT","21 Nov 2013","8912.55","8925.85","8745.30","8767.10"
"NIFTY IT","20 Nov 2013","8987.20","9023.65","8902.65","8915.35"
"NIFTY IT","19 Nov 2013","8993.40","9019.40","8964.70","9003.90"
"NIFTY IT","18 Nov 2013","8919.40","9010.60","8919.40","8978.35"
"NIFTY IT","14 Nov 2013","8912.90","8940.55","8855.55","8862.00"
"NIFTY IT","13 Nov 2013","8897.50","8954.25","8845.35","8859.15"
"NIFTY IT","12 Nov 2013","8971.65","9019.30","8899.05","8914.40"
"NIFTY IT","11 Nov 2013","8943.10","9095.75","8915.00","8962.85"
"NIFTY IT","08 Nov 2013","8969.70","9045.55","8933.90","8956.90"
"NIFTY IT","07 Nov 2013","8882.85","9058.05","8875.05","8956.55"
"NIFTY IT","06 Nov 2013","8766.90","8865.50","8766.90","8843.05"
"NIFTY IT","05 Nov 2013","8780.60","8791.10","8705.95","8724.10"
"NIFTY IT","03 Nov 2013","8812.75","8837.85","8812.75","8823.50"
"NIFTY IT","01 Nov 2013","8840.60","8909.00","8787.70","8799.55"
"NIFTY IT","31 Oct 2013","8814.20","8881.30","8814.20","8852.80"
"NIFTY IT","30 Oct 2013","8803.25","8853.30","8784.90","8835.15"
"NIFTY IT","29 Oct 2013","8784.85","8844.20","8771.40","8822.10"
"NIFTY IT","28 Oct 2013","8796.55","8851.85","8760.80","8783.20"
"NIFTY IT","25 Oct 2013","8670.40","8823.10","8647.95","8812.55"
"NIFTY IT","24 Oct 2013","8774.15","8921.00","8653.85","8681.65"
"NIFTY IT","23 Oct 2013","8891.30","8891.30","8739.90","8829.55"
"NIFTY IT","22 Oct 2013","8901.35","8951.85","8891.20","8915.15"
"NIFTY IT","21 Oct 2013","8928.45","8928.45","8712.70","8854.90"
"NIFTY IT","18 Oct 2013","8821.30","8907.50","8733.00","8893.85"
"NIFTY IT","17 Oct 2013","9111.85","9111.85","8775.10","8797.85"
"NIFTY IT","15 Oct 2013","9109.75","9167.00","9064.45","9120.30"
"NIFTY IT","14 Oct 2013","8868.85","9078.25","8868.85","9061.75"
"NIFTY IT","11 Oct 2013","8899.65","8932.55","8690.40","8870.15"
"NIFTY IT","10 Oct 2013","8585.75","8643.45","8549.15","8603.80"
"NIFTY IT","09 Oct 2013","8408.50","8584.60","8385.55","8564.45"
"NIFTY IT","08 Oct 2013","8483.30","8500.75","8424.10","8435.00"
"NIFTY IT","07 Oct 2013","8359.15","8487.95","8359.15","8461.55"
"NIFTY IT","04 Oct 2013","8353.30","8429.90","8329.45","8352.35"
"NIFTY IT","03 Oct 2013","8244.70","8374.20","8234.15","8360.85"
"NIFTY IT","01 Oct 2013","8195.05","8208.50","8133.40","8181.65"
"NIFTY IT","30 Sep 2013","8196.40","8263.85","8136.85","8167.80"
"NIFTY IT","27 Sep 2013","8176.40","8249.00","8147.75","8166.55"
"NIFTY IT","26 Sep 2013","8212.10","8225.35","8139.90","8157.80"
"NIFTY IT","25 Sep 2013","8192.95","8218.00","8116.45","8187.55"
"NIFTY IT","24 Sep 2013","8217.65","8250.85","8132.65","8169.10"
"NIFTY IT","23 Sep 2013","8137.95","8256.90","8133.40","8200.70"
"NIFTY IT","20 Sep 2013","8119.25","8225.80","8119.25","8132.80"
"NIFTY IT","19 Sep 2013","8130.60","8218.00","8093.80","8156.95"
"NIFTY IT","18 Sep 2013","8160.40","8183.10","8119.55","8159.10"
"NIFTY IT","17 Sep 2013","8048.10","8166.60","8030.35","8154.25"
"NIFTY IT","16 Sep 2013","8172.30","8212.60","8005.10","8017.20"
"NIFTY IT","13 Sep 2013","8257.85","8290.00","8152.90","8172.65"
"NIFTY IT","12 Sep 2013","8367.05","8381.45","8222.40","8270.15"
"NIFTY IT","11 Sep 2013","8421.30","8465.10","8360.90","8373.25"
"NIFTY IT","10 Sep 2013","8211.90","8443.75","8211.90","8411.05"
"NIFTY IT","06 Sep 2013","8224.65","8310.80","8172.00","8216.50"
"NIFTY IT","05 Sep 2013","8437.95","8437.95","8185.40","8203.40"
"NIFTY IT","04 Sep 2013","8293.00","8499.55","8293.00","8454.10"
"NIFTY IT","03 Sep 2013","8380.65","8410.95","8226.25","8259.40"
"NIFTY IT","02 Sep 2013","8325.85","8423.80","8325.85","8396.90"
"NIFTY IT","30 Aug 2013","8225.65","8406.65","8196.00","8382.40"
"NIFTY IT","29 Aug 2013","8110.05","8286.90","8083.90","8246.90"
"NIFTY IT","28 Aug 2013","7948.65","8222.65","7948.65","8175.30"
"NIFTY IT","27 Aug 2013","7952.55","8073.90","7952.55","7975.80"
"NIFTY IT","26 Aug 2013","7908.60","8047.40","7893.85","7958.65"
"NIFTY IT","23 Aug 2013","7786.35","7902.50","7761.35","7893.20"
"NIFTY IT","22 Aug 2013","7614.85","7796.10","7563.25","7777.50"
"NIFTY IT","21 Aug 2013","7679.20","7679.20","7549.10","7594.05"
"NIFTY IT","20 Aug 2013","7828.20","7828.20","7677.85","7693.50"
"NIFTY IT","19 Aug 2013","7811.85","7870.40","7708.75","7793.20"
"NIFTY IT","16 Aug 2013","7879.45","7910.40","7724.95","7774.20"
"NIFTY IT","14 Aug 2013","7971.90","8032.25","7874.10","7956.10"
"NIFTY IT","13 Aug 2013","7860.10","7989.25","7860.10","7976.25"
"NIFTY IT","12 Aug 2013","7820.10","7874.95","7781.95","7841.45"
"NIFTY IT","08 Aug 2013","7710.40","7816.40","7687.00","7801.45"
"NIFTY IT","07 Aug 2013","7876.35","7934.75","7738.15","7767.75"
"NIFTY IT","06 Aug 2013","7920.95","7933.60","7839.35","7877.15"
"NIFTY IT","05 Aug 2013","7838.65","7951.55","7838.65","7916.50"
"NIFTY IT","02 Aug 2013","7793.95","7895.50","7793.95","7858.35"
"NIFTY IT","01 Aug 2013","7811.45","7822.60","7727.95","7777.10"
"NIFTY IT","31 Jul 2013","7738.25","7808.50","7708.65","7787.35"
"NIFTY IT","30 Jul 2013","7694.55","7762.20","7689.75","7718.85"
"NIFTY IT","29 Jul 2013","7638.80","7708.95","7633.90","7673.30"
"NIFTY IT","26 Jul 2013","7699.00","7747.05","7650.10","7663.00"
"NIFTY IT","25 Jul 2013","7660.70","7720.60","7629.85","7678.15"
"NIFTY IT","24 Jul 2013","7569.05","7687.25","7569.05","7669.25"
"NIFTY IT","23 Jul 2013","7579.10","7650.60","7579.10","7604.00"
"NIFTY IT","22 Jul 2013","7472.15","7590.30","7468.25","7556.55"
"NIFTY IT","19 Jul 2013","7400.35","7545.10","7400.35","7503.70"
"NIFTY IT","18 Jul 2013","7286.70","7362.20","7245.65","7306.35"
"NIFTY IT","17 Jul 2013","7203.60","7300.00","7203.60","7272.00"
"NIFTY IT","16 Jul 2013","7132.70","7278.30","7122.35","7208.80"
"NIFTY IT","15 Jul 2013","7216.80","7261.35","7164.00","7225.40"
"NIFTY IT","12 Jul 2013","7173.45","7361.00","7157.25","7249.40"
"NIFTY IT","11 Jul 2013","6748.75","6823.50","6748.75","6799.50"
"NIFTY IT","10 Jul 2013","6672.60","6710.40","6658.90","6690.95"
"NIFTY IT","09 Jul 2013","6609.00","6681.75","6609.00","6653.90"
"NIFTY IT","08 Jul 2013","6640.25","6653.35","6594.90","6607.95"
"NIFTY IT","05 Jul 2013","6646.75","6674.35","6591.35","6604.70"
"NIFTY IT","04 Jul 2013","6490.20","6640.70","6487.40","6633.20"
"NIFTY IT","03 Jul 2013","6464.80","6547.00","6404.65","6451.30"
"NIFTY IT","02 Jul 2013","6527.50","6564.70","6463.25","6474.25"
"NIFTY IT","01 Jul 2013","6589.30","6589.30","6515.30","6526.45"
"NIFTY IT","28 Jun 2013","6586.70","6648.60","6489.15","6634.15"
"NIFTY IT","27 Jun 2013","6428.75","6607.15","6424.25","6587.15"
"NIFTY IT","26 Jun 2013","6298.55","6400.50","6277.05","6378.35"
"NIFTY IT","25 Jun 2013","6309.10","6335.40","6246.40","6268.85"
"NIFTY IT","24 Jun 2013","6353.35","6376.75","6284.10","6309.45"
"NIFTY IT","21 Jun 2013","6296.65","6398.70","6296.65","6381.85"
"NIFTY IT","20 Jun 2013","6408.70","6433.10","6259.50","6290.15"
"NIFTY IT","19 Jun 2013","6468.85","6468.85","6387.55","6435.10"
"NIFTY IT","18 Jun 2013","6436.25","6471.35","6418.85","6451.95"
"NIFTY IT","17 Jun 2013","6394.25","6438.05","6358.55","6423.20"
"NIFTY IT","14 Jun 2013","6359.10","6395.85","6323.50","6370.40"
"NIFTY IT","13 Jun 2013","6427.60","6427.60","6316.35","6334.60"
"NIFTY IT","12 Jun 2013","6521.85","6562.95","6424.45","6438.60"
"NIFTY IT","11 Jun 2013","6615.70","6661.70","6523.95","6550.95"
"NIFTY IT","10 Jun 2013","6571.20","6633.10","6568.15","6604.70"
"NIFTY IT","07 Jun 2013","6440.90","6588.15","6440.90","6540.05"
"NIFTY IT","06 Jun 2013","6433.85","6484.55","6417.95","6451.55"
"NIFTY IT","05 Jun 2013","6490.80","6508.20","6465.40","6474.00"
"NIFTY IT","04 Jun 2013","6511.55","6554.90","6469.95","6516.65"
"NIFTY IT","03 Jun 2013","6627.95","6758.80","6511.05","6551.65"
"NIFTY IT","31 May 2013","6381.95","6483.90","6381.45","6472.05"
"NIFTY IT","30 May 2013","6371.50","6419.95","6344.50","6390.40"
"NIFTY IT","29 May 2013","6441.85","6492.80","6355.65","6396.25"
"NIFTY IT","28 May 2013","6409.75","6441.60","6385.70","6431.60"
"NIFTY IT","27 May 2013","6322.55","6427.30","6298.65","6410.95"
"NIFTY IT","24 May 2013","6396.75","6431.95","6314.15","6330.80"
"NIFTY IT","23 May 2013","6411.55","6497.90","6372.30","6378.45"
"NIFTY IT","22 May 2013","6440.50","6500.40","6411.50","6420.20"
"NIFTY IT","21 May 2013","6348.25","6458.70","6348.25","6421.00"
"NIFTY IT","20 May 2013","6323.90","6382.10","6323.90","6358.75"
"NIFTY IT","17 May 2013","6299.00","6372.70","6299.00","6331.05"
"NIFTY IT","16 May 2013","6347.55","6347.55","6264.85","6292.15"
"NIFTY IT","15 May 2013","6332.45","6375.95","6316.55","6359.70"
"NIFTY IT","14 May 2013","6322.10","6371.45","6298.40","6328.05"
"NIFTY IT","13 May 2013","6398.55","6407.45","6309.75","6316.00"
"NIFTY IT","11 May 2013","6422.45","6426.80","6404.65","6419.00"
"NIFTY IT","10 May 2013","6429.85","6476.55","6416.60","6439.85"
"NIFTY IT","09 May 2013","6389.15","6449.50","6389.15","6426.45"
"NIFTY IT","08 May 2013","6393.80","6412.85","6365.80","6380.15"
"NIFTY IT","07 May 2013","6356.35","6379.90","6313.85","6372.75"
"NIFTY IT","06 May 2013","6238.85","6351.15","6238.85","6343.25"
"NIFTY IT","03 May 2013","6211.80","6267.45","6208.30","6224.70"
"NIFTY IT","02 May 2013","6035.40","6211.60","6035.40","6205.90"
"NIFTY IT","30 Apr 2013","6017.75","6055.50","6001.70","6047.70"
"NIFTY IT","29 Apr 2013","5959.45","6052.25","5936.40","6015.45"
"NIFTY IT","26 Apr 2013","6036.75","6046.25","5964.45","5972.70"
"NIFTY IT","25 Apr 2013","6141.00","6141.00","6053.75","6059.80"
"NIFTY IT","23 Apr 2013","6127.20","6181.10","6127.20","6156.90"
"NIFTY IT","22 Apr 2013","6217.15","6233.30","6106.90","6118.25"
"NIFTY IT","18 Apr 2013","6282.50","6294.10","6199.25","6232.60"
"NIFTY IT","17 Apr 2013","6352.30","6370.95","6190.10","6235.85"
"NIFTY IT","16 Apr 2013","6305.05","6327.40","6266.15","6301.10"
"NIFTY IT","15 Apr 2013","6348.65","6370.80","6177.45","6342.70"
"NIFTY IT","12 Apr 2013","6726.40","6726.40","6321.65","6354.90"
"NIFTY IT","11 Apr 2013","7125.80","7221.70","7066.30","7200.35"
"NIFTY IT","10 Apr 2013","6977.80","7058.25","6939.65","7042.95"
"NIFTY IT","09 Apr 2013","6984.85","7023.90","6892.25","6905.70"
"NIFTY IT","08 Apr 2013","7027.90","7057.00","6968.35","6977.10"
"NIFTY IT","05 Apr 2013","7066.85","7098.65","7018.45","7047.35"
"NIFTY IT","04 Apr 2013","7232.65","7232.65","7060.65","7072.70"
"NIFTY IT","03 Apr 2013","7305.60","7354.30","7248.40","7271.90"
"NIFTY IT","02 Apr 2013","7249.35","7337.45","7232.10","7325.25"
"NIFTY IT","01 Apr 2013","7230.65","7298.95","7230.65","7264.35"
"NIFTY IT","28 Mar 2013","7153.60","7232.10","7147.25","7219.05"
"NIFTY IT","26 Mar 2013","7094.55","7163.00","7072.10","7137.05"
"NIFTY IT","25 Mar 2013","7113.05","7131.90","7072.75","7105.95"
"NIFTY IT","22 Mar 2013","7140.45","7149.70","7085.15","7119.80"
"NIFTY IT","21 Mar 2013","7186.35","7220.05","7157.10","7168.05"
"NIFTY IT","20 Mar 2013","7153.85","7179.75","7115.65","7158.25"
"NIFTY IT","19 Mar 2013","7213.25","7229.20","7140.00","7152.55"
"NIFTY IT","18 Mar 2013","7190.85","7227.45","7166.85","7198.65"
"NIFTY IT","15 Mar 2013","7221.85","7277.20","7212.30","7224.35"
"NIFTY IT","14 Mar 2013","7180.95","7242.00","7131.95","7212.40"
"NIFTY IT","13 Mar 2013","7211.25","7211.25","7159.35","7170.40"
"NIFTY IT","12 Mar 2013","7286.65","7295.55","7232.25","7253.20"
"NIFTY IT","11 Mar 2013","7355.75","7380.10","7290.25","7304.60"
"NIFTY IT","08 Mar 2013","7391.55","7402.55","7344.15","7357.00"
"NIFTY IT","07 Mar 2013","7319.90","7420.45","7319.90","7410.25"
"NIFTY IT","06 Mar 2013","7227.70","7314.90","7226.75","7305.90"
"NIFTY IT","05 Mar 2013","7131.80","7205.80","7117.60","7200.20"
"NIFTY IT","04 Mar 2013","7112.50","7163.70","7062.60","7101.65"
"NIFTY IT","01 Mar 2013","7116.30","7171.95","7090.95","7117.70"
"NIFTY IT","28 Feb 2013","7084.80","7160.75","7069.65","7106.65"
"NIFTY IT","27 Feb 2013","7144.85","7155.90","7064.30","7072.50"
"NIFTY IT","26 Feb 2013","7082.85","7172.05","7082.85","7156.75"
"NIFTY IT","25 Feb 2013","7026.20","7126.95","7026.20","7095.20"
"NIFTY IT","22 Feb 2013","6924.45","7018.55","6924.45","6992.85"
"NIFTY IT","21 Feb 2013","6929.50","6985.30","6924.80","6939.85"
"NIFTY IT","20 Feb 2013","6937.40","6977.70","6937.40","6972.05"
"NIFTY IT","19 Feb 2013","6832.00","6944.00","6813.55","6936.25"
"NIFTY IT","18 Feb 2013","6853.35","6858.85","6808.00","6834.70"
"NIFTY IT","15 Feb 2013","6866.70","6876.35","6826.50","6864.15"
"NIFTY IT","14 Feb 2013","6878.25","6939.75","6878.25","6900.35"
"NIFTY IT","13 Feb 2013","6796.45","6897.75","6779.65","6884.15"
"NIFTY IT","12 Feb 2013","6799.90","6809.25","6766.75","6791.90"
"NIFTY IT","11 Feb 2013","6872.90","6890.75","6826.30","6832.05"
"NIFTY IT","08 Feb 2013","6793.75","6909.55","6793.75","6852.70"
"NIFTY IT","07 Feb 2013","6762.30","6813.15","6762.30","6799.00"
"NIFTY IT","06 Feb 2013","6760.60","6775.90","6738.25","6766.80"
"NIFTY IT","05 Feb 2013","6724.40","6771.00","6720.05","6728.70"
"NIFTY IT","04 Feb 2013","6766.65","6794.50","6728.80","6750.25"
"NIFTY IT","01 Feb 2013","6779.00","6802.90","6732.05","6752.65"
"NIFTY IT","31 Jan 2013","6789.80","6807.75","6733.00","6778.00"
"NIFTY IT","30 Jan 2013","6794.95","6806.35","6776.90","6787.85"
"NIFTY IT","29 Jan 2013","6808.05","6849.45","6783.15","6792.30"
"NIFTY IT","28 Jan 2013","6796.30","6848.50","6785.40","6822.70"
"NIFTY IT","25 Jan 2013","6752.65","6817.85","6736.85","6800.75"
"NIFTY IT","24 Jan 2013","6742.00","6799.20","6732.70","6742.40"
"NIFTY IT","23 Jan 2013","6734.00","6767.85","6707.30","6725.80"
"NIFTY IT","22 Jan 2013","6782.45","6788.70","6731.00","6739.65"
"NIFTY IT","21 Jan 2013","6772.05","6823.40","6756.40","6789.40"
"NIFTY IT","18 Jan 2013","6885.90","6890.10","6786.95","6798.70"
"NIFTY IT","17 Jan 2013","6833.05","6896.05","6822.70","6869.45"
"NIFTY IT","16 Jan 2013","6785.20","6792.30","6738.65","6777.95"
"NIFTY IT","15 Jan 2013","6884.35","6898.70","6780.40","6791.50"
"NIFTY IT","14 Jan 2013","6719.75","6846.15","6716.85","6809.50"
"NIFTY IT","11 Jan 2013","6370.40","6654.65","6370.40","6639.85"
"NIFTY IT","10 Jan 2013","6109.15","6131.15","6057.45","6073.10"
"NIFTY IT","09 Jan 2013","6143.95","6177.30","6091.20","6101.05"
"NIFTY IT","08 Jan 2013","6160.75","6173.75","6115.15","6147.90"
"NIFTY IT","07 Jan 2013","6159.35","6190.55","6141.20","6175.45"
"NIFTY IT","04 Jan 2013","6118.50","6159.80","6108.00","6153.20"
"NIFTY IT","03 Jan 2013","6045.35","6111.35","6034.95","6097.60"
"NIFTY IT","02 Jan 2013","6049.90","6063.85","6018.30","6031.00"
"NIFTY IT","01 Jan 2013","6055.50","6059.95","6025.05","6033.30"